gameId,playId,nflId,tackle,assist,forcedFumble,pff_missedTackle,week,ballCarrierId,player_x,player_y,player_s,player_a,player_dir,ball_x,ball_y,ball_s,ball_a,ball_dir
2022090800,101,42816,1,0,0,0,1,47857,68.42,44.08,3.16,5.57,103.02,74.99,38.35,7.26,2.37,313.06
2022090800,393,46232,1,0,0,0,1,47853,51.69,22.65,1.32,0.56,143.9,51.9,22.31,0.86,2.38,107.61
2022090800,486,40166,1,0,0,0,1,44881,63.8,20.19,2.52,2.46,256.94,63.67,19.94,1.81,4.3,239.84
2022090800,646,47939,1,0,0,0,1,47879,59.76,9.15,4.67,3.47,171.05,60.56,8.75,6.56,1.68,196.07
2022090800,818,40107,1,0,0,0,1,47853,80.71,5.31,2.08,5.07,85.39,81.99,5.48,2.67,2.32,278.58
2022090800,1286,44976,1,0,0,0,1,44881,39.2,4.87,6.44,3.41,162.45,44.3,2.39,5.65,5.16,226.07
2022090800,1736,44976,1,0,0,0,1,52460,39.42,34.52,2.54,2.72,123.79,47.06,30.01,2.62,4.59,300.43
2022090800,2860,46085,1,0,0,0,1,44881,71.29,32.68,3.57,1.15,49.45,74.78,35.55,0.56,1.77,185.12
2022090800,3092,46190,1,0,0,0,1,47853,84.59,10.76,8.64,0.95,156.37,91.58,8.15,7.82,1.05,228.26
2022090800,3145,52647,1,0,0,0,1,47853,76.31,32.03,2.4,2.15,95.52,77.64,31.32,1.63,1.76,317.88
2022090800,3362,46190,1,0,0,0,1,47853,80.74,17.77,1.88,1.19,36.7,88.56,25.18,2.65,4.6,208.12
2022090800,3383,54488,1,0,0,0,1,44881,77.77,41.78,1.96,4.44,72.61,77.93,41.47,0.57,2.44,119.44
2022091100,1260,44851,1,0,0,0,1,39975,80.24,20.3,1.12,5.26,138.7,82.12,19.76,4.73,2.48,312.13
2022091100,1672,40017,1,0,0,0,1,39975,42.6,15.24,4.1,3.3,132.84,45.66,15.77,3.35,3.51,218.36
2022091100,2114,53469,1,0,0,0,1,45244,61.6,31.14,3.86,3.21,70.01,66.34,29.89,6.0,0.66,309.53
2022091100,2353,38607,1,0,0,0,1,39975,55.65,15.67,5.81,1.59,204.09,52.74,16.06,6.87,1.27,147.6
2022091100,2512,53611,1,0,0,0,1,45244,71.21,44.28,5.81,2.32,356.81,71.63,44.71,7.76,2.32,326.53
2022091100,2640,44862,1,0,0,0,1,42345,94.36,23.11,4.32,1.87,179.09,89.04,19.25,5.57,3.99,137.93
2022091100,2878,53489,1,0,0,0,1,53612,74.81,30.21,3.16,1.05,183.16,71.19,29.22,6.01,0.74,90.21
2022091100,2899,37097,1,0,0,0,1,53612,76.42,33.22,4.06,4.09,1.91,75.63,34.13,4.74,2.47,51.2
2022091100,3647,53469,1,0,0,0,1,41292,104.87,43.21,7.64,3.87,332.69,102.63,44.07,5.17,2.01,3.75
2022091100,3778,53489,1,0,0,0,1,39975,68.66,24.1,1.31,4.58,89.12,71.8,27.57,6.23,4.25,246.55
2022091101,1691,53481,1,0,0,0,1,44820,80.14,11.73,7.24,0.79,169.66,85.66,6.27,6.89,1.75,200.44
2022091101,1744,44903,1,0,0,0,1,46170,23.07,8.9,9.15,2.01,226.28,23.55,5.96,8.43,2.78,241.74
2022091101,1785,52452,1,0,0,0,1,53512,8.97,9.61,6.97,2.2,161.02,13.38,8.46,4.96,2.52,193.37
2022091101,2051,46527,1,0,0,0,1,46104,101.67,20.57,1.0,1.37,48.41,101.85,21.06,0.54,1.55,87.97
2022091101,3221,47799,1,0,0,0,1,46104,87.1,28.45,6.56,3.26,352.94,87.66,29.97,5.63,1.78,313.58
2022091102,86,44938,1,0,0,0,1,47856,85.04,19.83,4.43,1.42,202.61,86.32,18.75,5.12,2.62,237.8
2022091102,531,52571,1,0,0,0,1,53623,74.47,27.67,4.09,2.73,45.65,74.68,28.2,4.27,1.77,67.64
2022091102,756,53609,1,0,0,0,1,53646,76.88,12.21,6.27,1.23,89.41,81.6,15.56,5.07,1.59,181.68
2022091102,1493,54504,1,0,0,0,1,47819,81.09,37.63,3.34,5.65,81.85,82.88,36.93,4.35,2.71,285.03
2022091102,2065,54504,1,0,0,0,1,47819,78.69,35.01,7.1,2.43,269.29,78.44,35.29,6.76,3.36,272.26
2022091102,2352,46290,1,0,0,0,1,46377,20.05,35.84,2.94,2.93,308.92,19.1,36.48,1.15,0.99,135.77
2022091102,2759,54504,1,0,0,0,1,52625,77.76,36.12,6.1,1.98,165.02,78.91,35.42,5.81,1.66,194.96
2022091102,3783,52571,1,0,0,0,1,52625,51.5,8.21,1.27,1.84,286.2,49.27,10.49,3.16,1.96,182.48
2022091102,4102,54639,1,0,0,0,1,53432,30.59,26.84,0.05,0.25,354.89,24.93,30.01,0.0,0.0,71.73
2022091103,520,46146,1,0,0,0,1,53453,37.31,29.95,3.49,3.91,8.93,37.74,30.39,2.41,4.95,58.04
2022091103,1037,44842,1,0,0,0,1,44860,73.42,18.53,4.12,3.2,285.46,68.12,22.67,3.83,4.03,145.57
2022091103,1315,46080,1,0,0,0,1,44860,37.65,34.95,4.59,2.09,286.28,33.35,32.34,6.37,1.64,31.14
2022091103,1672,46080,1,0,0,0,1,44860,95.96,8.56,9.8,0.19,135.95,95.05,6.99,9.86,2.22,125.28
2022091103,2172,46097,1,0,0,0,1,44860,48.7,8.43,7.27,3.75,180.6,53.3,3.95,7.56,1.63,239.64
2022091103,2222,44842,1,0,0,0,1,44927,45.07,33.35,4.37,2.3,221.18,46.2,30.45,5.59,3.29,280.28
2022091103,2291,46698,1,0,0,0,1,53434,16.12,37.01,1.47,5.05,325.53,16.89,37.3,2.13,2.18,294.15
2022091103,3251,43325,1,0,0,0,1,52409,72.9,15.7,8.12,3.35,104.27,74.46,16.89,8.11,3.8,125.14
2022091103,4175,43641,1,0,0,0,1,53484,41.84,12.88,7.62,0.86,188.42,40.36,11.35,5.41,1.84,174.81
2022091103,4686,43641,1,0,0,0,1,52457,75.05,48.99,6.36,3.75,330.86,70.8,50.6,3.84,5.35,25.95
2022091103,5096,43350,1,0,0,0,1,53484,72.88,32.79,5.99,2.03,201.86,71.43,32.15,5.92,0.4,160.12
2022091104,803,52411,1,0,0,0,1,47836,52.43,2.97,3.6,4.23,228.58,49.13,2.97,5.54,4.94,129.47
2022091104,910,54653,1,0,0,0,1,53579,88.15,27.78,0.38,0.96,132.31,88.07,27.1,0.32,2.95,132.07
2022091104,999,47900,1,0,0,0,1,47836,14.46,13.86,2.6,0.51,202.94,17.53,14.95,6.99,2.15,198.64
2022091104,1528,46259,1,0,0,0,1,46118,25.85,8.56,7.75,1.31,219.77,29.6,2.08,8.15,2.33,270.45
2022091104,2269,44888,1,0,0,0,1,47836,16.31,17.23,8.48,1.44,173.62,17.58,16.7,8.75,1.12,185.57
2022091104,2781,43351,1,0,0,0,1,52443,46.07,44.99,5.88,2.65,7.27,44.34,45.62,8.2,0.48,19.37
2022091104,2974,47888,1,0,0,0,1,52443,86.52,29.88,3.65,2.31,198.31,83.72,28.8,6.17,1.76,112.9
2022091104,3172,46151,1,0,0,0,1,52461,47.12,51.63,3.57,4.52,301.61,54.15,37.06,7.19,3.94,332.21
2022091105,228,43356,1,0,0,0,1,52449,84.04,27.23,2.39,2.98,156.36,87.9,26.78,4.75,3.99,264.16
2022091105,503,46304,1,0,0,0,1,41246,36.65,39.28,7.55,1.96,344.97,32.47,45.15,4.34,2.81,36.45
2022091105,667,44964,1,0,0,0,1,52449,37.07,40.74,7.66,0.95,331.58,39.99,42.59,8.0,1.34,328.95
2022091105,1259,42441,1,0,0,0,1,52442,88.37,3.38,6.42,1.67,235.6,85.22,2.76,2.62,4.07,167.01
2022091105,1913,43358,1,0,0,0,1,40138,59.04,10.84,1.22,1.87,40.11,61.9,13.79,4.48,4.69,208.51
2022091105,2369,46729,1,0,0,0,1,43396,67.31,41.82,3.3,1.78,213.67,64.79,39.81,3.2,2.64,22.02
2022091105,2718,38540,1,0,0,0,1,41246,29.21,11.21,5.47,5.33,33.56,27.99,12.18,5.19,3.95,36.89
2022091105,4041,54468,1,0,0,0,1,52449,57.89,45.18,4.91,2.63,292.65,49.73,42.21,6.29,0.46,28.78
2022091106,154,53465,1,0,0,0,1,53549,72.22,10.9,8.23,2.95,196.41,66.76,6.45,6.56,3.52,140.26
2022091106,607,53465,1,0,0,0,1,53549,50.46,41.77,8.57,1.97,1.35,43.36,46.68,9.37,2.78,36.85
2022091106,1544,35466,1,0,0,0,1,43454,64.33,46.31,1.5,5.39,267.52,64.07,45.89,2.17,4.58,120.77
2022091106,1874,47796,1,0,0,0,1,47870,19.7,39.73,3.63,2.46,4.3,18.33,41.19,4.89,1.94,71.86
2022091106,2019,44887,1,0,0,0,1,42363,67.8,18.24,3.75,4.69,238.76,65.53,16.45,4.09,3.37,17.7
2022091106,2584,43503,1,0,0,0,1,48097,75.37,10.06,7.79,1.32,183.25,79.21,7.23,7.77,4.85,231.06
2022091106,2767,46212,1,0,0,0,1,46203,29.61,24.07,1.9,2.03,220.41,26.57,23.44,4.2,2.86,86.61
2022091106,2935,35466,1,0,0,0,1,46203,66.51,36.93,4.82,3.72,327.99,62.46,38.15,5.73,4.31,88.47
2022091107,275,47881,1,0,0,0,1,43362,49.77,18.54,3.42,1.39,265.15,48.17,20.14,3.8,3.75,151.03
2022091107,959,54491,1,0,0,0,1,43362,39.04,27.91,0.72,0.7,9.06,37.81,29.27,3.6,1.5,105.07
2022091107,1696,37778,1,0,0,0,1,53536,37.14,25.33,1.82,4.77,34.16,34.93,26.23,5.6,2.38,81.11
2022091107,1841,37145,1,0,0,0,1,53536,81.47,32.0,2.86,2.56,180.57,80.65,29.83,4.18,0.51,69.04
2022091107,1879,44854,1,0,0,0,1,46226,89.34,18.31,5.23,2.17,198.63,89.09,17.48,3.31,1.65,143.54
2022091107,2092,46186,1,0,0,0,1,46101,50.01,46.66,6.16,3.67,341.4,35.58,50.51,7.2,2.42,50.94
2022091107,2219,52479,1,0,0,0,1,53536,100.2,29.09,6.08,1.86,335.55,100.41,36.21,2.56,6.47,280.88
2022091107,2659,41243,1,0,0,0,1,43362,43.19,18.4,3.42,2.92,148.05,42.56,17.0,4.54,1.86,93.9
2022091107,3115,41243,1,0,0,0,1,46155,94.79,35.56,0.05,0.13,171.1,94.56,34.83,0.04,0.05,298.54
2022091107,3299,44854,1,0,0,0,1,46226,63.73,37.54,0.16,2.79,114.77,63.99,37.41,0.66,2.63,49.69
2022091107,3398,44999,1,0,0,0,1,33099,82.35,29.69,1.21,0.74,274.64,81.18,29.63,0.63,0.32,85.3
2022091107,3503,54479,1,0,0,0,1,46226,95.87,13.52,4.39,3.87,228.77,92.04,14.76,3.93,4.33,164.93
2022091109,412,54492,1,0,0,0,1,43291,85.97,27.45,2.21,5.07,211.48,71.8,28.06,5.78,2.09,116.11
2022091109,888,52428,1,0,0,0,1,43722,67.19,37.73,2.77,2.59,3.65,63.7,34.06,5.66,1.53,38.34
2022091109,928,53494,1,0,0,0,1,47859,43.04,46.01,5.72,0.85,18.27,47.82,47.08,5.86,2.26,336.97
2022091109,1636,44926,1,0,0,0,1,52474,102.8,29.44,6.21,2.62,218.21,103.15,27.14,6.32,0.91,252.94
2022091109,1729,43352,1,0,0,0,1,52474,73.15,8.15,5.75,1.72,172.85,77.17,5.35,5.11,2.62,181.05
2022091109,1886,53448,1,0,0,0,1,46116,49.65,10.33,6.85,2.18,179.47,48.41,8.53,7.31,1.6,172.5
2022091109,1915,53503,1,0,0,0,1,44849,61.91,8.24,8.4,3.54,150.15,60.52,5.64,8.92,3.7,135.02
2022091109,2404,43313,1,0,0,0,1,52733,80.99,34.01,2.15,5.94,231.51,83.19,30.74,6.56,1.95,296.42
2022091109,2452,53448,1,0,0,0,1,46116,19.46,9.94,7.47,1.23,193.34,20.58,7.17,6.96,1.87,194.14
2022091109,3544,46456,1,0,0,0,1,44852,85.34,36.01,6.12,1.95,37.71,88.7,37.13,4.44,1.51,344.56
2022091110,514,53445,1,0,0,0,1,52440,62.59,45.94,8.06,2.54,317.29,63.83,50.85,7.93,2.07,266.44
2022091110,543,53445,1,0,0,0,1,46243,56.63,8.74,7.53,2.77,144.38,58.68,8.44,7.92,1.5,193.34
2022091110,1092,53445,1,0,0,0,1,54716,53.93,27.9,4.14,1.7,224.4,49.36,26.7,5.06,1.0,116.29
2022091110,1312,44848,1,0,0,0,1,54716,103.4,43.05,8.93,2.23,350.02,100.34,44.78,8.45,0.99,32.21
2022091110,1539,52539,1,0,0,0,1,41325,43.42,27.43,3.67,2.17,161.72,42.76,26.17,4.13,4.71,114.55
2022091110,2845,43376,1,0,0,0,1,53591,107.39,18.73,7.51,1.33,186.1,105.9,16.91,4.27,1.06,147.45
2022091110,2978,53487,1,0,0,0,1,44917,71.49,12.33,4.64,0.61,140.64,74.97,11.04,3.59,1.04,239.53
2022091110,3797,49410,1,0,0,0,1,54716,82.77,18.16,6.03,0.52,196.63,83.76,17.38,6.77,0.78,222.2
2022091110,3821,52522,1,0,0,0,1,54716,77.73,22.34,2.08,1.45,209.8,79.39,21.64,4.49,1.19,240.78
2022091111,475,42935,1,0,0,0,1,44931,42.72,36.81,4.13,2.44,322.78,41.41,36.96,6.01,1.12,12.17
2022091111,694,53509,1,0,0,0,1,54725,58.15,16.23,4.75,0.94,196.84,57.62,14.89,1.73,2.46,168.92
2022091111,730,46214,1,0,0,0,1,45573,57.72,26.94,0.97,0.68,12.81,57.84,27.18,2.23,5.69,32.92
2022091111,818,43292,1,0,0,0,1,47807,18.15,23.04,4.21,2.86,56.69,18.58,23.96,4.14,1.92,79.06
2022091111,1148,47843,1,0,0,0,1,42547,57.89,26.88,2.23,5.62,279.69,50.17,23.48,6.22,2.53,26.54
2022091111,1484,53509,1,0,0,0,1,44856,40.44,27.71,1.38,3.67,351.67,40.11,28.19,1.82,3.12,337.57
2022091111,1706,41231,1,0,0,0,1,39212,34.9,31.89,3.49,2.24,5.77,34.94,31.78,3.64,1.61,8.9
2022091111,1761,46086,1,0,0,0,1,41282,54.51,44.84,5.61,3.82,312.63,42.96,50.43,2.92,2.23,302.4
2022091111,2113,47810,1,0,0,0,1,52520,34.54,21.36,5.29,5.7,341.52,36.74,24.17,6.84,0.77,291.59
2022091111,2522,47889,1,0,0,0,1,45573,86.28,23.75,6.48,1.88,200.1,86.59,19.28,2.74,5.19,253.37
2022091111,2725,38551,1,0,0,0,1,45573,11.29,28.77,2.44,2.51,330.95,9.75,28.19,6.42,5.04,10.97
2022091111,2967,46387,1,0,0,0,1,46100,78.99,14.26,1.51,1.33,157.15,79.37,13.87,1.72,1.48,135.97
2022091112,573,37078,1,0,0,0,1,52470,59.48,35.98,2.6,3.63,193.79,59.95,33.82,3.68,2.92,302.82
2022091112,941,42427,1,0,0,0,1,52470,81.59,5.68,7.28,4.56,158.05,81.88,4.33,6.48,4.2,148.23
2022091112,2246,52525,1,0,0,0,1,44995,56.82,45.07,7.41,1.6,47.51,57.6,47.13,7.5,3.68,38.87
2022091112,2475,47795,1,0,0,0,1,44853,77.73,41.41,7.19,0.58,323.09,79.94,45.61,8.94,0.87,337.29
2022091112,2981,43404,1,0,0,0,1,47885,87.45,17.51,4.84,1.37,170.11,85.79,16.48,5.24,1.9,111.86
2022091112,3200,52497,1,0,0,0,1,41230,57.69,10.02,4.62,2.38,150.0,63.07,9.54,4.99,2.39,216.09
2022091108,83,47899,1,0,0,0,1,47789,45.29,32.36,3.68,4.06,221.39,31.37,24.81,6.0,2.38,60.72
2022091108,104,47971,1,0,0,0,1,47789,43.52,38.52,7.1,3.26,349.16,33.72,41.78,7.84,2.29,37.7
2022091108,216,47891,1,0,0,0,1,54483,16.12,4.75,7.11,2.74,139.55,23.76,1.19,5.76,3.46,254.8
2022091108,371,48462,1,0,0,0,1,46309,43.01,12.96,6.63,1.3,175.09,40.52,11.49,8.35,2.28,152.58
2022091108,445,43353,1,0,0,0,1,46309,51.33,22.39,3.56,5.06,194.3,51.54,22.34,2.06,3.05,157.02
2022091108,1778,46846,1,0,0,0,1,46309,52.42,46.36,9.34,2.15,22.81,54.09,46.9,5.82,5.01,10.28
2022091108,2962,47802,1,0,0,0,1,46071,52.75,21.56,3.52,1.78,258.6,50.16,23.06,4.92,2.13,172.23
2022091108,3084,47915,1,0,0,0,1,46071,102.05,27.67,0.25,1.01,112.81,101.74,27.98,0.51,0.98,188.15
2022091108,3417,48462,1,0,0,0,1,45186,89.29,30.89,2.95,0.45,45.17,89.35,31.62,3.97,2.23,72.64
2022091113,1017,41235,1,0,0,0,1,44816,67.67,27.51,0.31,4.39,268.22,71.85,26.17,5.67,1.91,253.09
2022091113,1318,40031,1,0,0,0,1,43293,32.19,32.81,5.69,1.42,296.95,24.62,31.66,6.64,3.12,40.29
2022091113,1689,43478,1,0,0,0,1,44896,94.91,45.97,5.22,3.82,11.15,97.95,48.28,5.29,4.79,357.79
2022091113,2494,46088,1,0,0,0,1,44816,85.79,39.75,5.61,4.1,7.19,85.04,39.39,4.27,2.55,13.68
2022091113,2866,47882,1,0,0,0,1,46206,69.66,43.32,8.21,2.45,329.49,67.15,44.12,6.01,2.06,350.94
2022091113,2933,47841,1,0,0,0,1,44816,68.04,18.99,2.17,4.67,13.44,70.3,19.8,3.58,2.13,352.2
2022091113,3173,47996,1,0,0,0,1,54556,73.9,30.13,1.63,2.05,135.66,77.87,28.92,4.27,1.88,298.21
2022091113,3577,40031,1,0,0,0,1,53608,79.29,15.87,6.58,0.17,232.6,75.2,13.58,1.47,1.32,211.44
2022091113,3722,53504,1,0,0,0,1,42369,66.68,19.43,5.76,0.23,154.14,69.83,17.92,3.8,4.44,205.48
2022091200,1967,41464,1,0,0,0,1,42358,29.21,33.66,4.15,1.83,353.25,27.14,34.44,5.16,3.91,20.23
2022091200,2093,47871,1,0,0,0,1,53464,72.62,49.53,1.62,0.87,27.3,71.36,49.9,2.46,1.1,63.76
2022091200,2268,52435,1,0,0,0,1,42358,108.12,31.39,2.82,1.68,300.27,104.57,33.31,4.64,4.05,118.1
2022091200,2479,45011,1,0,0,0,1,46096,78.56,23.6,2.17,1.15,10.2,81.25,24.75,4.76,1.45,274.96
2022091200,2522,53438,1,0,0,0,1,47847,65.28,20.86,2.03,1.51,346.63,64.8,21.18,2.13,0.7,334.27
2022091200,2883,42929,1,0,0,0,1,39987,72.02,39.59,8.42,1.0,4.35,78.19,42.25,8.78,0.92,317.42
2022091500,55,47913,1,0,0,0,2,52440,82.17,32.31,1.89,2.86,243.91,83.43,30.88,4.91,1.61,290.99
2022091500,257,47984,1,0,0,0,2,44819,52.89,40.44,1.28,0.76,325.96,53.0,39.78,1.15,1.16,313.24
2022091500,651,52471,1,0,0,0,2,45573,53.54,19.53,4.02,4.32,208.85,52.58,18.26,1.7,5.9,91.35
2022091500,1386,42935,1,0,0,0,2,47839,35.33,36.23,5.35,3.75,201.92,31.93,33.57,4.28,6.1,129.5
2022091500,1482,52546,1,0,0,0,2,53506,75.01,47.2,4.57,3.52,15.66,80.22,49.93,4.23,2.12,355.86
2022091500,1983,47846,1,0,0,0,2,52520,87.42,33.26,4.27,5.3,178.26,85.5,32.1,6.33,1.91,119.9
2022091500,2286,42935,1,0,0,0,2,52440,55.8,23.46,5.91,1.34,219.04,56.07,22.98,6.1,1.55,240.4
2022091500,2874,46264,1,0,0,0,2,40011,12.27,33.78,1.89,1.58,321.29,12.25,34.17,2.41,2.33,302.59
2022091500,3032,52471,1,0,0,0,2,53506,53.87,8.92,5.4,1.59,147.3,59.48,5.35,3.12,4.59,233.37
2022091500,3903,52471,1,0,0,0,2,45573,13.32,48.79,8.27,1.44,21.97,17.55,50.02,6.48,3.35,348.51
2022091800,117,37778,1,0,0,0,2,53435,74.96,12.05,5.79,0.27,194.78,76.41,10.8,5.5,2.97,219.28
2022091800,471,47796,1,0,0,0,2,42469,71.88,28.15,2.49,1.27,332.93,70.8,29.43,5.13,1.81,94.22
2022091800,2953,42361,1,0,0,0,2,53435,92.26,47.32,7.7,2.42,25.03,91.46,48.94,6.99,3.78,41.24
2022091800,2977,52436,1,0,0,0,2,46111,102.52,42.33,8.19,1.02,14.02,101.85,44.52,8.41,1.24,15.72
2022091800,3398,47796,1,0,0,0,2,47896,83.3,28.8,2.96,1.17,205.5,82.49,28.89,2.06,3.68,209.34
2022091800,3898,44854,1,0,0,0,2,46203,95.62,15.78,8.23,0.69,157.75,93.76,14.14,9.16,0.7,128.53
2022091801,218,42467,1,0,0,0,2,52523,94.8,11.23,7.58,2.24,184.04,98.82,7.82,7.08,2.14,189.54
2022091801,645,44903,1,0,0,0,2,33099,52.23,22.8,4.94,2.7,209.71,39.33,24.24,6.76,0.88,137.74
2022091801,1391,52505,1,0,0,0,2,54501,66.08,17.84,8.15,0.06,178.12,70.5,15.24,8.6,3.16,236.52
2022091802,390,53503,1,0,0,0,2,53541,91.87,13.75,0.18,1.96,325.26,92.32,13.91,1.4,1.71,324.17
2022091802,518,52411,1,0,0,0,2,44852,95.1,3.21,3.55,3.55,182.4,94.56,2.76,4.71,3.9,208.56
2022091802,1055,47809,1,0,0,0,2,52443,42.16,25.95,1.3,3.74,133.45,42.39,25.51,4.2,1.77,238.23
2022091802,2306,46099,1,0,0,0,2,47859,67.09,39.58,9.33,1.07,2.12,67.82,40.23,9.21,1.29,354.46
2022091802,2473,53592,1,0,0,0,2,47791,50.83,36.1,4.91,4.46,332.98,49.94,36.37,4.77,3.7,31.19
2022091802,2585,54653,1,0,0,0,2,52474,59.73,37.33,1.74,5.04,341.92,59.2,37.13,4.92,2.6,313.55
2022091802,2710,53503,1,0,0,0,2,53541,77.94,1.57,10.14,1.37,94.4,79.16,0.82,10.15,1.32,90.0
2022091802,2995,52411,1,0,0,0,2,47859,56.86,45.47,6.91,2.74,92.25,57.78,43.98,7.07,1.44,75.45
2022091802,3395,46099,1,0,0,0,2,43722,42.2,31.45,4.27,2.75,235.37,36.7,27.68,2.92,2.36,71.54
2022091803,526,47872,1,0,0,0,2,53454,91.11,25.27,2.17,5.15,349.15,86.99,29.32,5.98,0.5,111.96
2022091803,883,46249,1,0,0,0,2,52449,56.92,26.85,2.29,0.53,186.15,55.47,26.56,4.83,2.94,127.93
2022091803,1388,38540,1,0,0,0,2,44835,52.84,48.79,6.97,4.46,350.31,53.47,49.0,7.33,2.94,349.51
2022091803,1766,46304,1,0,0,0,2,52733,85.13,40.17,6.76,1.35,15.18,86.2,41.56,5.27,4.2,348.8
2022091803,2219,47872,1,0,0,0,2,53454,64.45,6.28,3.09,2.12,201.2,66.76,4.84,6.71,2.01,225.89
2022091804,80,52453,1,0,0,0,2,37101,73.57,9.73,5.55,3.6,143.13,78.26,8.26,4.34,0.79,249.98
2022091804,112,52453,1,0,0,0,2,37101,61.89,28.67,3.99,3.59,79.84,70.0,28.72,6.32,5.29,270.32
2022091804,197,38619,1,0,0,0,2,37101,41.25,40.07,3.95,0.96,354.82,42.72,39.68,5.64,2.56,324.11
2022091804,1126,53489,1,0,0,0,2,44816,56.97,25.12,5.91,1.22,160.21,61.45,22.54,5.85,2.17,214.34
2022091804,1174,41257,1,0,0,0,2,46263,59.98,38.51,6.22,2.98,180.17,62.13,36.95,6.03,0.51,198.93
2022091804,3201,40017,1,0,0,0,2,47991,69.86,17.3,4.31,4.41,105.38,74.33,21.01,7.08,3.44,197.09
2022091804,4086,43409,1,0,0,0,2,44816,48.16,35.14,0.35,2.38,247.3,48.34,35.52,0.23,0.81,345.2
2022091805,203,43333,1,0,0,0,2,44820,78.06,9.68,1.71,2.58,186.49,77.85,10.32,2.2,1.67,160.38
2022091805,327,52518,1,0,1,0,2,43808,69.39,8.51,1.38,1.18,40.1,69.37,9.09,1.43,0.67,8.08
2022091805,415,46527,1,0,0,0,2,46071,80.64,37.97,5.46,4.03,327.46,78.1,40.0,2.63,4.36,53.42
2022091805,486,45004,1,0,0,0,2,46309,88.6,7.92,4.27,2.21,319.91,84.87,9.93,0.45,3.89,187.96
2022091805,556,45004,1,0,0,0,2,48489,97.66,45.6,6.23,3.19,18.91,97.65,46.57,6.9,2.27,30.03
2022091805,773,47891,1,0,0,0,2,44820,71.1,11.7,8.12,0.92,203.83,71.37,10.01,5.99,0.61,220.82
2022091805,797,47800,1,0,1,0,2,46070,66.48,12.62,6.93,1.73,186.45,69.75,10.66,7.89,2.63,197.91
2022091805,1158,46205,1,0,0,0,2,46309,76.99,12.26,2.87,4.5,107.6,80.15,11.74,3.38,2.18,348.22
2022091805,1676,47891,1,0,0,0,2,46070,95.09,5.31,6.02,1.39,182.14,95.18,4.81,6.06,1.82,173.84
2022091805,1765,47799,1,0,0,0,2,46309,76.08,31.03,1.1,2.91,133.96,76.13,31.38,2.09,2.74,130.68
2022091805,2292,44830,1,0,0,0,2,44820,57.03,47.99,4.58,1.28,310.97,47.53,44.82,8.22,1.07,23.87
2022091805,2675,42368,1,0,0,0,2,46071,98.52,22.51,3.36,1.53,170.48,101.84,23.15,5.54,3.05,216.53
2022090800,167,43298,1,0,0,0,1,42489,51.81,31.16,4.34,3.6,207.23,52.38,28.57,4.83,1.14,222.47
2022090800,1030,47862,1,0,0,0,1,52536,62.43,38.35,2.85,5.93,202.97,59.74,37.87,3.21,4.67,135.0
2022090800,1102,42816,1,0,0,0,1,52494,86.09,43.57,0.58,0.49,196.6,86.57,43.55,0.71,0.73,314.82
2022090800,1230,46190,1,0,0,0,1,53678,57.21,19.11,2.6,1.8,22.57,58.92,20.73,1.5,1.9,281.44
2022090800,1358,44976,1,0,0,0,1,44881,36.81,34.95,0.4,1.15,198.25,36.2,34.46,0.8,0.47,204.11
2022090800,2043,42816,1,0,0,0,1,47857,59.42,14.04,3.59,2.32,40.02,65.27,20.18,7.04,1.0,244.53
2022090800,2360,46085,1,0,0,0,1,47853,71.2,25.56,3.54,2.91,274.95,64.06,27.92,4.58,0.88,113.16
2022090800,2506,53532,1,0,0,0,1,52494,89.91,13.5,0.66,1.6,348.15,89.8,13.56,0.92,2.51,285.21
2022090800,2648,43294,1,0,0,0,1,46076,63.92,31.81,1.66,0.6,25.03,63.74,32.26,0.45,0.95,27.2
2022090800,2688,47862,1,0,0,0,1,52536,100.06,27.41,6.87,3.85,158.55,99.83,26.99,6.69,2.43,151.22
2022090800,3341,46190,1,0,0,0,1,47853,89.68,23.03,3.64,4.54,289.19,89.46,25.4,5.33,1.63,260.49
2022090800,3431,44976,1,0,0,0,1,53678,65.78,47.77,4.24,5.43,56.11,66.14,47.9,3.18,1.43,91.68
2022090800,3576,40107,1,0,0,0,1,44881,25.97,15.91,4.46,1.84,7.17,26.73,16.5,5.54,0.74,357.94
2022091100,522,38592,1,0,0,0,1,48415,80.77,43.77,1.42,1.3,323.04,82.86,41.75,5.26,1.49,295.08
2022091100,762,55173,1,0,0,0,1,37101,42.36,27.78,1.8,0.97,289.94,42.33,28.12,2.69,2.49,283.6
2022091100,1046,44851,1,0,0,0,1,39975,30.35,29.57,4.77,2.79,9.7,35.12,33.31,6.21,0.88,262.39
2022091100,1359,41257,1,0,0,0,1,45355,71.18,38.48,3.97,4.21,133.3,72.87,36.85,1.05,1.97,242.07
2022091100,1651,38607,1,0,0,0,1,39975,45.22,32.08,1.45,4.49,135.46,47.07,29.01,4.88,1.44,298.3
2022091100,2683,40017,1,0,0,0,1,42345,108.51,36.36,7.95,0.28,318.16,97.77,36.88,7.99,1.46,53.38
2022091100,3119,52424,1,0,0,0,1,52942,60.5,4.07,5.12,4.21,207.83,53.96,1.93,5.34,2.74,111.05
2022091100,3736,38607,1,0,0,0,1,42345,77.09,28.99,2.75,2.69,310.99,88.07,29.69,6.08,5.92,268.06
2022091101,184,46124,1,0,0,0,1,52595,59.97,6.8,5.06,3.91,186.34,61.49,6.45,5.16,2.18,183.03
2022091101,361,46098,1,0,0,0,1,44820,48.34,30.89,1.68,1.18,51.42,48.9,30.84,1.41,1.16,62.57
2022091101,417,53481,1,0,0,0,1,53555,41.2,30.06,4.37,2.47,240.34,38.36,29.31,4.69,1.11,114.48
2022091101,748,53455,1,0,0,0,1,46093,21.85,44.9,5.83,3.85,328.26,19.76,44.45,5.74,5.1,9.69
2022091101,1192,47799,1,0,0,0,1,43380,59.94,37.09,6.45,4.06,51.09,61.87,38.9,4.64,5.14,80.35
2022091101,1213,43797,1,0,0,0,1,46104,69.17,43.2,7.55,1.6,8.59,66.41,45.85,8.23,3.48,14.76
2022091101,1720,54533,1,0,0,0,1,46093,63.35,7.19,7.73,6.03,181.89,64.44,7.08,5.32,4.2,196.79
2022091101,1945,52415,1,0,0,0,1,44898,59.03,37.35,8.15,2.52,64.54,60.36,43.11,8.2,2.25,105.33
2022091101,2545,47799,1,0,0,0,1,44898,92.54,35.61,2.13,1.6,282.37,89.47,33.51,4.75,1.6,44.76
2022091101,2909,44903,1,0,0,0,1,46093,79.42,12.57,5.01,5.32,135.61,86.55,12.58,8.53,2.81,238.12
2022091101,3040,54543,1,0,0,0,1,44820,45.22,29.46,2.29,2.42,258.41,44.45,30.16,1.26,1.95,227.73
2022091101,3263,42470,1,0,0,0,1,53520,65.86,36.06,8.81,0.83,333.87,64.95,40.01,6.29,2.25,342.54
2022091101,3569,52446,1,0,0,0,1,46104,79.29,26.66,1.73,0.87,354.62,79.96,27.33,2.09,2.91,336.7
2022091102,343,42360,1,0,0,0,1,47856,95.32,36.81,3.16,1.39,341.74,95.54,37.17,4.46,2.48,321.72
2022091102,989,47931,1,0,0,0,1,47856,103.42,30.5,0.53,1.22,21.38,103.64,29.59,1.71,1.57,197.79
2022091102,1907,46139,1,0,0,0,1,53440,66.41,25.6,6.78,3.88,54.68,66.51,29.63,8.03,4.0,93.14
2022091102,2238,54513,1,0,0,0,1,47819,75.84,8.9,4.65,3.83,178.44,77.81,7.54,5.89,1.97,252.57
2022091102,2738,45009,1,0,0,0,1,47819,87.83,13.87,2.27,1.65,183.04,87.67,14.33,1.72,0.89,163.41
2022091102,2837,46077,1,0,0,0,1,53432,71.88,7.96,5.26,3.55,189.42,71.85,7.92,4.98,2.44,221.28
2022091102,3381,54639,1,0,0,0,1,46377,47.87,16.43,5.71,2.94,162.79,47.4,14.73,4.61,1.34,120.43
2022091103,955,44906,1,0,0,0,1,44860,52.34,28.06,1.5,3.58,281.08,51.5,29.27,3.81,2.69,198.26
2022091103,1126,46123,1,0,0,0,1,47924,23.04,43.74,6.5,2.59,350.44,28.14,48.28,7.66,1.21,271.34
2022091103,1968,46097,1,0,0,0,1,52409,76.23,18.06,2.54,0.37,61.19,81.41,19.51,5.75,1.57,254.11
2022091103,2670,45395,1,0,0,0,1,44927,21.88,9.04,5.91,3.79,181.94,20.75,8.0,7.2,0.49,147.3
2022091103,2740,44872,1,0,1,0,1,47849,45.29,49.08,2.61,5.9,28.28,46.42,49.61,2.22,3.34,9.82
2022091103,3126,44872,1,0,0,0,1,52457,74.7,50.08,4.21,2.39,37.74,78.65,48.81,6.85,5.29,316.86
2022091103,3464,44842,1,0,0,0,1,44860,107.35,27.83,5.53,2.82,331.15,105.97,29.34,3.46,2.58,76.37
2022091103,3613,47855,1,0,0,0,1,53453,96.27,25.24,4.42,4.38,350.91,95.81,25.67,3.64,2.88,315.18
2022091103,3849,44878,1,0,0,0,1,53434,89.54,17.39,7.32,0.79,23.71,89.36,18.56,6.71,0.51,35.18
2022091103,4462,46097,1,0,0,0,1,44860,23.2,29.82,1.32,0.72,9.89,24.51,30.22,1.58,1.74,282.38
2022091104,844,46151,1,0,0,0,1,52461,76.43,31.36,6.96,1.24,327.16,53.06,35.38,8.12,2.82,41.91
2022091104,1826,46188,1,0,0,0,1,44947,36.54,25.66,3.0,3.42,287.62,33.54,25.8,3.37,3.11,81.12
2022091104,1986,46188,1,0,0,0,1,52443,99.84,38.06,6.13,1.42,359.38,95.09,40.9,8.14,3.78,56.49
2022091104,2190,44834,1,0,0,0,1,52461,77.5,18.31,7.53,0.94,234.96,76.54,11.89,7.23,3.24,242.17
2022091104,3016,43378,1,0,0,0,1,44947,102.17,30.59,1.53,2.4,59.09,99.81,31.57,5.79,1.66,79.87
2022091104,3572,44834,1,0,0,0,1,47834,41.3,13.95,5.99,2.9,125.93,44.98,10.8,3.64,1.83,177.38
2022091104,3596,47975,1,0,0,0,1,47836,46.51,28.23,1.4,3.1,354.64,44.64,24.98,5.32,1.17,47.68
2022091104,4176,46199,1,0,0,0,1,52443,40.27,24.37,1.66,3.41,304.3,43.07,27.42,6.32,1.86,251.97
2022091105,424,44964,1,0,0,0,1,52449,42.3,31.58,1.69,3.4,20.22,42.21,31.14,1.26,2.51,346.74
2022091105,619,43497,1,0,0,0,1,46173,75.93,36.69,1.39,3.27,196.2,77.75,33.37,5.73,4.95,282.03
2022091105,1850,46729,1,0,0,0,1,53518,66.77,18.09,6.76,2.03,4.58,67.41,18.43,5.38,1.64,4.72
2022091105,4905,53712,1,0,0,0,1,47842,33.73,24.0,1.55,3.03,3.63,34.11,24.4,2.07,2.49,77.27
2022091106,859,43700,1,0,0,0,1,43454,19.38,9.79,7.16,3.45,190.76,17.74,9.0,7.33,2.91,173.06
2022091106,883,43435,1,0,0,0,1,48233,24.47,18.79,2.45,2.34,324.96,20.89,21.78,2.98,3.01,52.42
2022091106,1401,35466,1,0,0,0,1,43454,35.51,23.28,3.48,3.72,220.87,27.33,16.5,4.21,2.82,41.21
2022091106,1895,43503,1,0,0,0,1,42357,33.34,6.99,6.79,2.27,173.32,28.91,4.98,6.53,5.07,147.66
2022091106,2170,43321,1,0,0,0,1,53549,85.38,27.01,3.21,1.43,3.52,85.63,27.25,3.07,3.98,68.01
2022091106,2358,52991,1,0,0,0,1,46277,61.09,43.68,7.32,0.72,3.85,71.25,48.31,8.73,2.05,319.35
2022091106,3337,52468,1,0,0,0,1,46203,68.16,46.13,6.94,1.26,67.4,71.01,51.76,4.93,1.86,110.57
2022091107,115,52506,1,0,0,0,1,53536,68.31,19.82,6.86,4.33,198.56,68.44,17.75,5.81,2.09,267.35
2022091107,254,41243,1,0,0,0,1,46101,48.79,27.35,4.69,3.29,180.39,44.73,25.48,6.25,1.78,139.42
2022091107,744,46186,1,0,0,0,1,43415,105.25,9.52,7.76,1.91,203.52,100.43,5.14,1.58,1.35,117.63
2022091107,1378,41240,1,0,0,0,1,54501,31.42,4.04,4.39,1.34,136.75,26.72,5.52,7.84,0.7,129.22
2022091107,1879,54479,1,0,0,0,1,46226,93.97,17.71,3.62,1.73,164.47,89.09,17.48,3.31,1.65,143.54
2022091107,2635,47881,1,0,0,0,1,46155,35.1,18.29,0.07,0.25,45.56,36.22,18.85,1.61,1.21,6.69
2022091107,3037,44854,1,0,0,0,1,53536,74.97,6.79,5.41,4.27,160.95,74.99,6.28,5.3,2.04,173.95
2022091107,3374,44854,1,0,0,0,1,54475,79.66,32.99,4.67,2.56,16.88,78.56,36.74,4.51,2.98,140.0
2022091109,383,53494,1,0,0,0,1,54846,71.47,45.12,8.54,2.0,21.22,66.45,49.66,9.65,0.85,63.84
2022091109,587,43313,1,0,0,0,1,44849,76.21,20.65,8.81,2.68,195.17,77.22,19.22,8.41,0.84,196.04
2022091109,743,53494,1,0,0,0,1,44852,50.34,41.25,2.05,7.66,306.38,45.38,44.31,5.49,3.6,169.08
2022091109,839,53494,1,0,0,0,1,44852,66.41,43.93,3.48,4.96,240.73,60.09,43.33,5.44,2.08,117.84
2022091109,863,54492,1,0,0,0,1,44852,67.73,41.49,6.85,0.74,330.85,66.68,41.86,7.11,2.99,7.83
2022091109,2558,43787,1,0,0,0,1,52474,34.62,30.55,3.71,1.31,355.65,31.33,30.03,6.24,0.57,20.67
2022091109,2635,44880,1,0,0,0,1,43291,45.67,21.89,6.96,1.38,141.63,46.2,19.78,7.2,1.55,138.18
2022091109,2726,47809,1,0,0,0,1,52733,90.4,26.37,0.77,0.49,339.23,90.11,26.05,0.88,5.02,256.18
2022091110,240,52416,1,0,0,0,1,44874,24.31,9.05,8.83,1.24,200.35,24.89,7.5,6.98,2.79,214.16
2022091110,569,49410,1,0,0,0,1,44874,42.33,12.7,6.17,0.82,289.25,41.47,16.17,7.43,2.65,209.66
2022091110,1394,47984,1,0,0,0,1,48646,82.23,5.26,2.88,4.03,61.05,82.86,5.9,1.93,3.23,304.44
2022091110,1494,48032,1,0,0,0,1,41325,36.97,32.54,2.54,0.33,50.63,35.52,33.5,5.28,3.39,73.58
2022091110,2085,46657,1,0,0,0,1,40011,67.26,29.1,5.63,3.26,74.74,70.37,31.58,3.09,1.45,169.85
2022091110,2474,44848,1,0,0,0,1,54519,95.92,47.52,3.01,5.42,37.26,93.84,47.44,5.59,5.0,80.94
2022091110,2720,52416,1,0,0,0,1,40011,65.6,8.83,8.18,2.44,113.45,67.65,6.68,6.16,4.3,96.15
2022091110,3092,53487,1,0,0,0,1,52630,37.21,47.98,3.4,2.56,38.29,40.77,49.89,3.17,1.33,309.04
2022091110,3357,52522,1,0,0,0,1,54716,64.33,32.71,3.36,1.31,322.89,64.11,33.28,5.41,0.67,296.15
2022091110,4056,35493,1,0,0,0,1,47980,42.93,35.4,7.87,0.49,22.1,40.76,38.17,8.33,1.67,38.06
2022091111,166,38551,1,0,0,0,1,45573,56.93,30.61,1.88,0.39,112.8,55.45,28.29,3.98,1.29,71.99
2022091111,430,41269,1,0,0,0,1,47807,58.27,24.01,4.75,1.37,172.55,60.75,20.5,4.3,4.49,250.72
2022091111,1307,47817,1,0,0,0,1,45573,90.62,18.61,2.07,3.58,71.09,90.4,18.83,0.97,1.23,86.7
2022091111,1999,43411,1,0,0,0,1,52520,59.38,13.18,6.31,1.87,182.73,62.44,9.28,6.68,3.65,216.42
2022091111,2543,53509,1,0,0,0,1,45573,81.46,24.4,1.16,3.5,323.97,81.01,24.46,0.95,2.86,303.69
2022091112,62,46087,1,0,0,0,1,45094,40.81,43.17,7.37,1.98,3.61,33.65,47.8,7.57,4.57,42.36
2022091112,917,53554,1,0,0,0,1,44995,75.12,9.2,7.25,2.42,184.95,65.96,2.15,8.71,3.08,104.91
2022091112,1700,43404,1,0,0,0,1,44853,79.42,15.51,3.99,2.41,157.4,81.33,13.96,2.06,3.38,296.65
2022091112,2931,54644,1,0,0,0,1,44853,75.54,12.02,2.49,3.25,166.47,75.21,12.37,2.5,2.51,165.31
2022091112,3029,43338,1,0,0,0,1,47885,98.09,32.74,3.98,0.61,324.6,97.91,33.04,4.0,1.29,334.98
2022091112,3246,52497,1,0,0,0,1,45635,51.76,17.72,4.42,2.84,32.3,56.79,20.43,2.79,2.35,296.64
2022091108,195,47878,1,0,0,0,1,43334,40.35,23.09,6.22,2.31,196.87,40.5,21.4,3.48,1.54,255.37
2022091108,515,43333,1,0,0,0,1,43334,88.58,30.86,2.74,2.95,23.7,89.28,30.23,5.49,3.17,352.72
2022091108,1509,52444,1,0,0,0,1,43334,47.56,26.53,7.64,1.78,124.94,47.91,23.59,7.55,1.85,122.03
2022091108,1639,43353,1,0,0,0,1,46071,92.54,29.74,2.32,1.87,199.5,93.42,28.5,4.03,1.85,275.44
2022091108,2273,44830,1,0,0,0,1,54483,42.85,1.88,5.94,2.03,227.11,38.33,1.75,5.41,5.53,133.96
2022091108,3438,52469,1,0,0,0,1,47789,95.26,38.55,2.29,3.05,325.77,87.83,33.22,6.11,2.65,16.5
2022091108,3926,41336,1,0,0,0,1,38538,36.84,25.16,1.32,1.41,51.56,38.59,24.15,2.07,6.19,11.85
2022091113,1389,44827,1,0,0,0,1,37079,25.2,44.08,9.57,1.52,336.77,28.75,46.83,9.51,3.71,322.15
2022091113,1566,47882,1,0,0,0,1,43424,44.84,25.76,7.22,0.87,348.84,35.82,34.39,6.48,4.11,65.75
2022091113,2201,46132,1,0,0,0,1,43293,81.02,39.96,2.94,2.2,21.67,82.92,38.4,6.37,5.25,330.73
2022091113,2262,52453,1,0,0,0,1,43293,78.67,20.42,2.16,3.29,133.03,82.29,24.15,6.28,2.46,200.04
2022091113,2890,41915,1,0,0,0,1,47911,66.68,30.15,5.61,2.76,167.12,65.13,27.42,4.83,3.62,136.09
2022091113,3211,53441,1,0,0,0,1,54556,74.36,40.72,7.93,1.02,13.21,78.55,42.38,8.46,1.0,331.37
2022091113,3531,47877,1,0,0,0,1,46206,73.67,37.29,2.05,5.45,253.71,72.79,36.52,0.5,2.63,290.87
2022091113,3807,52453,1,0,0,0,1,53608,38.58,34.75,2.81,4.68,308.55,33.31,38.29,4.05,3.66,184.6
2022091200,286,47941,1,0,0,0,1,48096,76.77,47.85,4.62,3.91,18.94,78.97,48.3,6.89,3.74,304.46
2022091200,786,42827,1,0,0,0,1,52526,77.78,21.85,2.83,5.86,229.0,76.76,24.76,5.05,1.25,207.53
2022091200,1521,43387,1,0,0,0,1,52541,39.22,46.9,7.39,1.78,21.26,45.31,48.78,7.94,4.08,307.14
2022091200,1642,47941,1,0,0,0,1,53464,38.29,8.99,2.13,3.79,275.98,35.22,11.22,7.55,3.46,120.78
2022091500,118,47913,1,0,0,0,2,52440,64.44,11.76,6.73,3.09,208.3,66.77,10.28,6.92,1.9,240.07
2022091500,195,43292,1,0,0,0,2,47839,54.34,42.23,5.76,1.86,26.56,55.61,40.7,8.18,2.98,356.73
2022091500,303,46137,1,0,0,0,2,45573,60.17,37.64,5.41,3.07,335.52,57.8,38.68,6.46,1.68,45.93
2022091500,675,54708,1,0,0,0,2,44819,61.1,5.14,2.61,1.7,258.72,60.9,4.84,1.95,1.31,258.43
2022091500,2415,54568,1,0,0,0,2,46100,36.39,21.18,6.12,0.75,193.57,32.49,19.88,6.78,0.89,140.65
2022091500,3626,47843,1,0,0,0,2,52440,70.57,5.56,9.38,1.71,111.93,70.16,2.2,8.73,2.69,97.87
2022091500,3833,52546,1,0,0,0,2,52520,54.55,44.49,3.06,1.6,200.81,54.23,44.89,1.66,1.95,217.8
2022091800,666,44887,1,0,0,0,2,46101,100.63,11.16,7.99,1.04,177.33,98.54,9.1,8.1,0.61,170.03
2022091800,937,44999,1,0,0,0,2,43454,86.55,45.14,4.14,2.6,185.68,86.8,44.97,2.88,4.55,173.27
2022091800,1018,44828,1,0,0,0,2,46192,106.39,46.51,5.67,0.6,307.96,101.99,45.81,6.03,1.13,37.58
2022091800,1164,54479,1,0,0,0,2,43454,43.29,41.35,8.13,1.65,341.24,35.5,45.85,6.24,4.86,45.38
2022091800,1188,43694,1,0,0,0,2,46203,39.75,32.02,2.55,1.9,357.96,39.78,32.74,4.92,1.86,75.12
2022091800,1427,47796,1,0,0,0,2,46101,52.96,47.13,7.16,3.25,292.89,51.32,48.45,7.38,4.93,273.82
2022091800,3137,53447,1,0,0,0,2,43362,56.85,12.97,8.32,2.52,187.84,58.93,10.57,7.95,2.46,195.58
2022091800,4028,42390,1,0,0,0,2,46155,72.97,32.03,8.77,0.74,358.93,75.06,34.15,7.96,1.57,348.48
2022091801,292,41270,1,0,0,0,2,43380,67.0,32.53,5.73,3.12,145.0,81.33,23.32,6.19,1.62,223.68
2022091801,501,41270,1,0,0,0,2,46104,13.39,24.52,4.36,3.31,107.09,15.6,24.92,3.76,3.32,243.25
2022091801,1003,47786,1,0,0,0,2,44898,52.36,30.75,2.49,2.18,53.5,52.63,30.92,2.07,5.3,81.14
2022091801,1048,54469,1,0,0,0,2,42347,65.31,17.08,0.17,5.42,128.17,65.08,17.38,0.47,4.73,190.17
2022091801,1783,53455,1,0,0,0,2,47969,38.54,42.03,7.11,2.52,34.75,42.28,41.75,6.99,2.53,335.94
2022091801,1807,44903,1,0,0,0,2,54475,21.58,42.16,4.43,1.35,354.12,22.64,42.97,4.92,1.4,323.07
2022091801,2162,41270,1,0,0,0,2,42347,101.32,27.99,3.05,3.74,204.0,94.97,28.53,4.52,3.47,150.28
2022091801,2460,53481,1,0,0,0,2,53463,58.1,18.84,7.08,3.35,153.96,65.08,13.94,1.47,7.11,250.06
2022091801,2972,46186,1,0,0,0,2,43380,79.74,7.34,3.31,2.08,214.93,88.83,17.3,6.52,2.8,213.71
2022091801,3037,54469,1,0,0,0,2,42347,73.24,36.89,1.85,5.02,261.2,73.16,36.58,2.29,3.62,253.02
2022091801,4075,46073,1,0,0,0,2,53536,87.69,5.99,5.19,2.75,210.29,78.72,6.13,6.07,1.35,153.4
2022091802,497,54467,1,0,0,0,2,52474,100.76,33.21,1.13,2.15,311.35,100.82,32.02,0.15,0.36,248.25
2022091802,880,54653,1,0,0,0,2,52474,90.72,33.99,2.33,1.98,261.31,90.93,34.07,2.32,2.51,285.76
2022091802,1256,42488,1,0,0,0,2,44947,56.75,10.7,3.92,6.22,106.52,61.14,15.74,6.29,2.57,188.36
2022091802,1282,53592,1,0,0,0,2,48707,50.56,23.55,2.82,2.98,355.33,51.72,23.79,4.66,3.72,302.05
2022091802,1369,47956,1,0,0,0,2,44930,17.67,29.44,7.33,2.15,3.15,18.76,30.48,7.5,3.39,340.92
2022091802,2561,46099,1,0,0,0,2,47859,61.26,38.82,9.75,2.94,334.78,60.72,40.89,9.8,4.15,347.19
2022091802,3891,46099,1,0,0,0,2,53553,48.55,40.71,4.59,5.79,262.85,46.7,39.99,0.79,4.44,60.53
2022091803,655,52481,1,0,0,0,2,52449,72.43,28.94,4.02,0.47,1.54,75.57,29.59,6.41,0.59,327.17
2022091803,795,46133,1,0,0,0,2,52733,96.24,29.34,1.91,1.45,12.85,97.52,29.79,4.35,0.87,290.26
2022091803,1300,38540,1,0,0,0,2,38696,61.93,47.71,4.6,2.45,34.22,65.44,47.47,3.52,3.79,352.55
2022091803,2021,54466,1,0,0,0,2,52449,39.24,25.82,5.07,2.44,155.01,38.74,23.97,4.15,2.45,104.81
2022091803,2153,43358,1,0,0,0,2,52733,92.8,23.76,2.81,2.27,174.17,94.72,22.43,5.21,2.41,200.02
2022091803,2993,53494,1,0,0,0,2,48118,27.0,31.96,8.65,1.45,332.62,29.9,38.07,7.08,2.42,281.85
2022091803,3017,54466,1,0,0,0,2,52449,20.02,27.92,3.15,3.73,182.26,22.66,26.54,4.53,1.18,259.12
2022091804,552,44862,1,0,0,0,2,46263,83.29,44.8,6.76,2.79,339.53,78.93,46.42,5.98,2.5,6.52
2022091804,627,41915,1,0,0,0,2,42344,87.01,30.04,6.62,2.84,323.7,86.6,33.72,5.63,1.41,314.78
2022091804,3273,38607,1,0,0,0,2,42033,64.98,39.81,6.62,0.08,357.63,66.23,41.14,5.79,3.87,344.64
2022091804,3826,46132,1,0,0,0,2,52942,43.3,6.51,5.5,2.86,29.26,45.05,10.27,2.12,5.11,175.79
2022091805,465,46527,1,0,0,0,2,46071,78.45,21.43,3.0,4.44,154.85,78.98,21.47,2.31,4.12,125.61
2022091805,616,46527,1,0,0,0,2,47789,101.4,36.71,3.09,6.83,336.96,101.73,37.35,4.37,2.4,0.4
2022091805,1272,54579,1,0,0,0,2,46170,47.59,36.97,6.38,2.55,335.42,44.1,38.91,6.72,1.55,92.04
2022091805,1518,45352,1,0,0,0,2,52659,75.45,7.26,7.26,4.33,182.52,74.91,5.65,4.83,5.42,180.05
2022091805,2998,42368,1,0,0,0,2,48489,66.36,41.63,5.51,5.14,114.85,65.96,41.41,4.09,2.26,110.93
2022091805,3127,44893,1,0,0,0,2,44820,44.68,18.78,10.12,2.08,234.66,44.46,17.71,9.47,0.96,237.42
2022091805,3379,45004,1,0,0,0,2,53625,64.59,32.02,5.26,4.22,358.6,62.68,32.78,7.29,2.0,48.27
2022091805,3598,54611,1,0,0,0,2,44820,77.18,36.49,7.17,1.26,343.27,78.8,38.94,6.17,2.04,294.35
2022091806,533,52991,1,0,0,0,2,44814,78.25,50.4,4.91,4.06,345.05,87.3,42.59,7.98,2.16,324.65
2022091806,863,54586,1,0,0,0,2,53453,70.44,45.77,7.35,1.9,13.52,75.63,46.78,8.63,2.32,326.49
2022091806,1747,44878,1,0,0,0,2,45185,61.68,40.27,5.18,4.44,65.53,61.89,40.52,3.91,3.52,33.58
2022091806,1793,46902,1,0,0,0,2,48097,52.18,35.98,3.99,3.96,84.24,55.45,33.73,4.91,3.35,346.14
2022091806,2079,44906,1,0,0,0,2,47870,59.66,19.95,1.96,4.14,3.36,58.75,20.93,3.98,4.32,104.19
2022091806,2831,35466,1,0,0,0,2,53453,39.89,10.66,3.23,4.32,146.35,43.38,10.32,4.54,1.02,226.71
2022091807,926,52527,1,0,0,0,2,52460,33.54,25.81,5.03,0.65,197.61,34.88,23.81,5.72,2.46,253.04
2022091807,994,54503,1,0,0,0,2,47853,21.38,31.02,2.43,1.48,270.1,22.26,28.81,2.8,0.43,336.48
2022091807,1926,52424,1,0,0,0,2,52460,51.15,11.3,4.8,3.61,181.7,48.46,11.87,7.06,3.04,171.91
2022091807,1971,39908,1,0,0,0,2,52460,78.99,4.55,4.01,2.46,256.16,74.29,5.59,5.5,0.74,129.05
2022091807,2351,43294,1,0,0,0,2,54473,28.17,7.45,5.56,2.17,136.64,33.97,6.25,4.77,3.17,225.57
2022090800,80,53532,1,0,0,0,1,46076,74.33,35.92,3.06,3.7,15.58,79.34,34.58,7.29,1.41,323.1
2022090800,617,43294,1,0,0,0,1,44985,59.35,6.73,4.5,5.17,176.06,64.33,4.72,5.04,2.0,232.47
2022090800,933,47792,1,0,0,0,1,52460,49.23,28.8,3.0,3.07,83.97,49.78,28.7,3.07,3.33,81.5
2022090800,2464,53532,1,0,0,0,1,46076,100.08,18.3,5.65,3.19,215.96,99.58,18.5,4.81,3.46,206.85
2022090800,2485,48026,1,0,0,0,1,52494,91.99,15.42,8.36,1.07,180.19,95.46,12.24,7.86,2.17,241.57
2022091100,301,52424,1,0,0,0,1,44879,84.21,35.38,2.39,2.61,95.18,87.38,34.2,3.37,3.81,306.75
2022091100,458,44851,1,0,0,0,1,48374,35.84,42.92,3.01,3.99,303.68,35.09,42.74,3.83,1.48,354.01
2022091100,1608,44851,1,0,0,0,1,39975,47.39,42.5,8.01,0.4,347.18,51.03,44.57,8.68,1.99,339.11
2022091100,2841,44823,1,0,0,0,1,42345,59.57,40.5,7.84,2.51,14.97,57.18,41.64,9.42,0.46,24.42
2022091100,3334,37097,1,0,0,0,1,39975,71.32,8.98,1.34,2.2,107.0,70.79,8.95,0.86,0.19,35.93
2022091100,3757,48544,1,0,0,0,1,39975,76.43,26.62,2.4,2.23,237.25,77.18,24.29,6.63,2.8,296.12
2022091100,4266,38607,1,0,0,0,1,39975,76.53,24.62,2.54,3.53,158.32,79.86,22.89,2.5,1.85,220.45
2022091101,251,42368,1,0,0,0,1,46104,58.05,13.98,7.31,2.89,166.22,58.53,13.14,6.89,3.69,214.56
2022091101,1564,52472,1,0,0,0,1,46104,76.14,46.15,8.2,3.5,49.76,74.98,50.27,7.02,4.58,75.97
2022091101,2683,47863,1,0,0,0,1,44901,79.67,23.32,2.66,2.0,36.92,81.64,25.33,4.09,2.89,243.38
2022091101,2951,52505,1,0,0,0,1,46170,75.37,40.51,8.35,0.69,11.61,77.22,42.31,6.11,1.53,359.03
2022091101,3080,46162,1,0,0,0,1,44820,86.28,21.77,1.0,2.6,257.58,82.0,21.43,4.21,3.97,94.93
2022091101,3378,42368,1,0,0,0,1,44898,28.15,16.98,1.41,1.98,244.61,29.03,17.31,1.06,2.25,228.34
2022091101,3961,53481,1,0,0,0,1,44820,92.24,26.88,5.67,3.48,207.84,90.32,22.56,2.85,2.22,82.65
2022091101,4068,46205,1,0,0,0,1,44898,67.19,39.42,7.0,1.78,39.02,71.68,39.83,5.61,1.27,14.61
2022091102,719,53609,1,0,0,0,1,53440,87.65,9.65,5.87,0.52,134.15,99.51,12.38,7.04,2.44,179.54
2022091102,921,41595,1,0,0,0,1,53623,49.56,28.45,3.21,0.62,163.14,48.23,27.28,3.68,1.93,105.81
2022091102,1107,54513,1,0,0,0,1,53623,55.82,46.31,7.65,2.57,16.66,62.11,48.99,8.25,4.17,314.13
2022091102,1562,54639,1,0,0,0,1,53432,80.98,36.83,7.04,3.43,269.01,79.87,36.25,6.38,1.77,311.62
2022091102,1588,52563,1,0,0,0,1,46377,76.2,36.36,0.58,1.44,220.78,75.47,35.81,0.04,0.13,297.92
2022091102,1837,53609,1,0,0,0,1,53646,62.14,26.01,2.08,6.81,245.05,60.51,26.08,5.2,5.35,134.91
2022091102,1869,53609,1,0,0,0,1,53646,64.34,19.25,0.96,2.3,29.4,64.06,19.61,0.91,3.85,59.89
2022091102,2618,53609,1,0,0,0,1,47856,57.97,23.47,4.19,4.1,173.61,58.25,23.41,2.28,3.09,122.42
2022091102,2717,45345,1,0,0,0,1,46377,87.59,34.66,5.09,1.79,358.51,88.58,35.23,6.0,1.95,315.37
2022091102,2945,46139,1,0,0,0,1,47856,48.56,25.58,1.16,0.86,324.73,48.95,26.24,0.63,1.4,8.96
2022091102,3022,43405,1,0,0,0,1,47856,57.93,9.6,6.38,2.47,201.12,58.76,7.69,5.03,1.1,235.46
2022091102,3119,46354,1,0,0,0,1,52581,31.05,5.53,2.42,3.54,230.66,33.24,5.69,6.88,0.58,224.04
2022091102,3652,45345,1,0,0,0,1,53432,30.89,23.13,0.38,1.24,190.98,30.94,22.43,0.5,1.57,115.65
2022091103,364,44906,1,0,0,0,1,52441,48.37,33.26,8.72,1.99,347.23,48.79,34.15,8.87,1.09,333.44
2022091103,611,44842,1,0,0,0,1,44860,76.86,24.93,2.73,0.76,216.3,76.77,24.18,2.57,2.9,280.02
2022091103,1150,43455,1,0,0,0,1,53453,18.3,27.2,0.64,2.27,129.13,19.42,27.34,3.91,2.53,235.59
2022091103,1336,47793,1,0,0,0,1,52441,44.95,17.53,8.59,0.18,173.93,44.77,16.45,7.04,1.38,170.25
2022091103,1514,52473,1,0,0,0,1,44814,96.54,25.64,1.27,5.14,0.42,102.03,27.26,5.65,4.37,275.98
2022091103,2719,52473,1,0,0,0,1,53453,54.06,39.91,2.43,0.97,39.01,54.43,39.87,2.33,2.81,32.93
2022091103,3389,47793,1,0,0,0,1,53434,94.74,21.39,2.56,3.64,19.4,93.63,22.91,5.37,5.4,130.17
2022091103,4300,43325,1,0,0,0,1,44927,62.04,19.64,2.18,3.91,34.74,66.01,21.75,6.21,0.49,244.48
2022091104,369,44888,1,0,0,0,1,52461,49.7,41.95,4.52,4.98,173.52,42.91,37.46,7.75,4.11,100.21
2022091104,953,46151,1,0,0,0,1,47834,17.27,19.38,5.0,4.69,158.13,19.07,18.2,5.24,5.6,240.16
2022091104,1871,47974,1,0,0,0,1,44930,61.45,41.56,8.48,0.21,4.06,59.58,43.44,8.57,0.99,28.86
2022091104,2447,44834,1,0,0,0,1,47836,93.21,25.33,5.8,2.37,150.92,96.18,23.96,4.43,2.95,214.46
2022091104,2492,52411,1,0,0,0,1,47834,75.5,47.73,6.21,4.04,28.06,79.2,47.88,5.44,2.89,357.43
2022091104,2928,47974,1,0,0,0,1,47791,84.59,37.14,1.61,5.49,240.71,81.84,37.25,5.39,2.67,112.65
2022091104,3286,48516,1,0,0,0,1,52443,37.76,31.52,3.51,2.76,1.88,34.42,34.61,6.19,1.5,57.77
2022091104,3709,47974,1,0,0,0,1,52443,77.83,11.84,6.66,2.42,207.79,79.76,10.08,6.67,4.42,228.09
2022091104,3730,46199,1,0,0,0,1,53541,64.57,10.01,5.91,1.73,187.61,67.7,4.44,5.18,2.28,172.24
2022091104,3842,54653,1,0,0,0,1,47836,26.76,34.22,1.06,2.27,194.79,26.31,34.05,3.27,2.38,59.54
2022091105,379,44964,1,0,0,0,1,52442,46.53,31.47,6.32,1.5,168.55,47.09,31.01,6.09,0.43,195.64
2022091105,1480,54502,1,0,0,0,1,46173,38.72,28.11,4.93,3.66,340.33,39.14,28.8,5.44,1.07,68.23
2022091105,1589,46669,1,0,0,0,1,52442,75.61,30.21,3.39,5.09,286.23,72.61,32.02,5.94,1.77,141.66
2022091105,1742,53450,1,0,0,0,1,40138,96.78,32.33,2.65,3.77,225.91,96.38,30.22,4.19,1.91,288.69
2022091105,2042,45287,1,0,0,0,1,53518,84.77,8.11,3.62,4.65,322.05,79.23,16.91,5.43,4.37,169.01
2022091105,2587,44957,1,0,0,0,1,53496,10.88,30.1,0.6,0.13,190.83,10.44,30.07,0.32,0.45,234.22
2022091105,2616,46133,1,0,0,0,1,40138,11.11,27.95,2.77,1.01,0.02,8.13,31.81,4.81,3.71,89.8
2022091105,2817,47947,1,0,0,0,1,54572,61.43,35.27,5.0,4.27,179.76,58.0,33.71,5.84,1.97,148.82
2022091105,3461,46304,1,0,0,0,1,40138,82.42,15.94,7.73,3.36,192.29,84.42,10.94,6.92,3.24,224.8
2022091106,359,43522,1,0,0,0,1,46203,61.55,43.86,1.46,1.7,212.39,63.35,42.07,6.45,4.18,308.06
2022091106,499,42116,1,0,0,0,1,42718,28.21,31.74,4.74,0.47,60.3,31.97,29.71,5.46,1.94,337.87
2022091106,657,46142,1,0,0,0,1,42437,56.37,37.06,2.86,5.65,258.66,54.78,37.57,2.98,2.89,165.84
2022091106,792,54936,1,0,0,0,1,43324,50.39,11.98,1.33,3.98,150.42,50.57,11.38,2.92,2.68,164.71
2022091106,835,52445,1,0,0,0,1,43454,22.75,38.81,7.37,4.33,311.7,16.83,38.72,7.39,2.76,11.88
2022091106,1297,54936,1,0,0,0,1,53549,52.57,13.58,6.21,1.98,151.34,55.34,14.37,7.8,2.2,188.98
2022091106,1798,46212,1,0,0,0,1,46203,74.97,24.14,3.04,0.41,149.13,78.13,24.0,4.82,3.78,248.94
2022091106,2090,43321,1,0,0,0,1,53549,79.38,29.51,3.23,2.81,4.92,79.61,29.89,2.7,2.16,15.33
2022091106,2329,35466,1,0,0,0,1,43454,75.04,11.8,7.05,2.39,177.07,83.81,6.58,7.68,3.39,218.23
2022091107,1165,52436,1,0,0,0,1,46279,78.7,11.01,7.34,0.98,173.79,74.67,7.53,7.4,1.84,147.74
2022091107,1236,46186,1,0,0,0,1,46155,65.82,45.57,7.75,1.91,13.27,69.08,50.02,5.14,4.27,25.01
2022091107,1260,47881,1,0,0,0,1,46155,58.83,33.55,6.22,0.58,13.93,60.28,34.61,4.25,1.36,341.52
2022091107,1717,40095,1,0,0,0,1,53536,52.42,29.32,7.48,2.02,82.55,54.26,30.9,6.09,1.77,117.93
2022091107,2314,47881,1,0,0,0,1,46101,83.44,38.98,8.15,1.56,9.3,80.91,41.26,8.01,2.18,31.77
2022091107,2803,44828,1,0,0,0,1,53463,76.71,7.4,5.7,2.03,158.78,82.59,3.83,5.48,1.51,220.42
2022091107,2934,44854,1,0,0,0,1,54475,84.14,33.37,5.88,1.04,350.56,84.13,33.94,5.23,0.79,340.18
2022091107,3323,53533,1,0,0,0,1,53463,74.36,5.9,4.91,3.93,189.78,67.67,6.98,5.73,2.63,159.76
2022091107,3718,42467,1,0,0,0,1,45268,102.66,5.3,3.42,4.54,215.2,102.38,4.84,3.59,2.38,240.97
2022091109,792,54492,1,0,0,0,1,44852,47.64,24.83,4.52,1.55,353.13,44.91,29.25,0.68,4.06,70.77
2022091109,957,46269,1,0,0,0,1,52474,40.67,23.13,1.24,4.5,11.14,42.02,24.36,5.26,3.25,257.06
2022091109,1657,54466,1,0,0,0,1,44852,97.09,19.38,4.03,3.91,163.58,97.38,17.36,3.11,3.99,177.13
2022091110,219,47816,1,0,0,0,1,52440,38.52,32.72,2.41,4.2,263.32,37.99,31.87,2.84,3.08,335.22
2022091110,649,44848,1,0,0,0,1,40011,13.27,19.65,5.34,3.53,35.84,17.09,19.78,6.15,2.74,346.77
2022091110,913,52546,1,0,0,0,1,48646,43.35,10.17,6.23,2.04,177.85,45.26,9.28,6.75,1.79,204.78
2022091110,942,52546,1,0,0,0,1,44917,33.84,9.33,6.37,1.25,179.67,36.62,9.07,7.83,0.23,208.16
2022091110,1418,53487,1,0,0,0,1,44917,78.66,37.6,6.62,1.02,14.04,83.72,41.62,5.08,2.66,298.32
2022091110,1695,43326,1,0,1,0,1,44917,57.87,21.15,3.01,1.44,181.18,60.69,17.66,5.01,3.53,205.6
2022091110,1959,46137,1,0,0,0,1,48646,42.86,11.3,7.26,3.0,171.79,43.57,9.41,3.09,4.0,175.4
2022091110,2266,52546,1,0,0,0,1,44917,80.78,25.03,2.59,2.96,19.35,88.36,29.43,3.83,2.04,313.67
2022091110,2356,53487,1,0,0,0,1,37077,72.29,36.32,5.9,3.0,16.96,73.49,38.88,1.27,4.22,218.84
2022091110,2925,53487,1,0,0,0,1,39983,75.75,27.51,1.11,4.71,159.5,79.99,25.85,1.54,2.88,202.65
2022091110,3578,54495,1,0,0,0,1,52630,64.77,43.67,4.96,4.04,25.58,64.89,44.1,5.13,4.47,50.0
2022091110,3623,43413,1,0,0,0,1,52630,95.92,9.09,6.94,1.99,165.54,89.48,1.62,7.93,2.45,106.81
2022091110,3674,35493,1,0,0,0,1,44917,102.08,24.31,4.61,3.05,45.82,101.94,24.99,3.6,3.36,93.66
2022091111,878,53596,1,0,0,0,1,46100,78.6,21.19,6.57,3.68,126.62,81.39,22.41,7.31,0.56,172.53
2022091111,2044,43411,1,0,0,0,1,52520,50.48,33.57,3.43,0.36,6.99,52.59,34.38,4.48,0.93,300.91
2022091112,965,53554,1,0,0,0,1,54499,95.98,43.76,8.09,4.07,331.63,89.07,44.5,10.13,1.62,32.95
2022091112,2315,46652,1,0,0,0,1,54597,95.69,43.86,7.73,1.87,17.39,92.38,47.73,7.5,4.32,41.48
2022091108,318,52469,1,0,0,0,1,46071,37.62,48.32,4.66,3.57,338.81,33.11,48.87,6.11,2.68,50.01
2022091108,633,43353,1,0,0,0,1,46309,54.42,17.16,0.75,1.48,21.66,53.56,18.35,3.9,5.1,115.2
2022091108,676,42349,1,0,0,0,1,43334,102.16,31.8,3.88,2.17,353.53,102.91,33.68,3.31,3.76,311.66
2022091108,1378,47971,1,0,0,0,1,45186,70.25,26.7,2.75,2.93,115.64,77.22,26.08,3.78,4.17,265.45
2022091108,1440,43333,1,0,0,0,1,43334,25.9,14.08,1.64,3.18,153.96,25.08,17.31,6.23,2.5,151.07
2022091108,1974,47915,1,0,0,0,1,45186,27.39,36.09,4.62,2.42,196.0,28.9,30.73,6.09,4.61,317.55
2022091108,2321,44830,1,0,0,0,1,43334,70.88,23.73,3.96,1.84,342.69,69.48,26.32,3.68,3.08,95.98
2022091108,2353,44830,1,0,0,0,1,54483,72.21,39.17,9.86,3.39,24.39,71.63,40.74,9.01,3.78,47.45
2022091108,2473,52663,1,0,0,0,1,43334,87.83,37.11,4.31,3.36,357.57,87.09,38.03,5.35,3.2,55.69
2022091108,2636,47802,1,0,0,0,1,46071,82.52,27.62,2.45,3.07,196.16,85.76,29.17,5.42,3.55,246.61
2022091108,2867,47899,1,0,0,0,1,46071,43.98,45.17,2.62,2.71,20.52,42.18,45.48,4.77,3.23,64.51
2022091108,3063,47915,1,0,0,0,1,47789,100.22,38.68,1.05,4.84,165.85,95.34,25.31,4.93,4.21,19.39
2022091108,3132,47878,1,0,0,0,1,43334,89.3,17.82,5.25,3.25,167.77,91.95,15.36,3.47,4.27,258.08
2022091108,3251,45352,1,0,0,0,1,54608,73.98,11.55,1.25,3.52,213.2,73.24,10.93,0.87,0.23,256.67
2022091108,3342,44869,1,0,0,0,1,46071,50.81,32.01,0.64,1.68,123.71,50.7,31.74,0.76,1.51,138.92
2022091108,3396,52469,1,0,0,0,1,53449,88.05,41.93,4.64,1.38,252.57,80.88,35.82,7.78,0.42,39.18
2022100207,2979,53451,0,0,0,1,4,44792,57.1,25.19,5.01,4.79,104.4,58.19,25.98,6.82,1.64,91.29
2022100207,2979,46846,0,0,0,1,4,44792,50.85,28.36,7.05,2.44,88.79,58.19,25.98,6.82,1.64,91.29
2022100207,3093,53451,0,0,0,1,4,47842,79.39,36.78,3.1,5.02,219.28,79.47,35.71,4.9,2.79,129.74
2022100207,3232,46304,0,0,0,1,4,43334,69.13,21.95,0.83,3.42,191.93,65.86,23.55,2.34,2.26,297.06
2022100208,407,45009,0,0,0,1,4,54577,29.09,9.3,4.22,1.41,107.26,41.48,5.82,4.54,1.37,122.22
2022100208,678,47891,0,0,0,1,4,53646,20.44,25.35,3.4,2.7,224.44,19.3,25.05,5.59,2.13,256.97
2022100208,754,45345,0,0,0,1,4,46071,42.37,21.3,1.13,1.25,61.79,43.23,25.38,4.37,1.9,20.61
2022100208,973,53479,0,0,0,1,4,53440,35.78,32.89,0.6,2.36,291.17,40.72,35.41,6.32,1.48,59.84
2022100208,973,43333,0,0,0,1,4,53440,34.07,31.89,0.5,1.44,317.53,40.72,35.41,6.32,1.48,59.84
2022100208,1164,41599,0,0,0,1,4,46071,68.07,38.78,1.2,2.39,264.32,62.58,46.9,8.48,0.95,313.63
2022100208,1164,45345,0,0,0,1,4,46071,72.42,40.52,5.9,1.84,285.23,62.58,46.9,8.48,0.95,313.63
2022100211,880,54586,0,0,0,1,4,44995,77.16,9.29,8.29,1.31,166.57,76.74,8.2,8.46,4.09,152.35
2022100211,2036,42433,0,0,0,1,4,52470,21.71,17.15,0.83,0.91,316.29,21.48,19.4,0.11,0.51,17.89
2022100211,2679,47804,0,0,0,1,4,53549,49.64,28.4,3.63,0.71,261.27,48.11,28.56,5.0,2.93,281.17
2022100208,1303,45345,0,0,0,1,4,46071,36.42,18.28,7.66,1.56,239.02,29.45,11.95,9.1,1.74,250.05
2022100208,1633,54611,0,0,0,1,4,53646,85.9,22.07,2.16,2.82,191.93,86.21,20.02,1.21,1.43,226.25
2022100208,1756,46153,0,0,0,1,4,46071,90.13,22.59,1.88,1.8,254.16,90.6,19.99,3.83,2.78,207.26
2022100208,2040,44830,0,0,0,1,4,47904,64.46,47.85,3.95,3.07,74.23,68.61,46.83,5.38,5.18,295.39
2022100208,2130,44830,0,0,0,1,4,53646,33.22,13.86,2.02,1.39,140.28,31.55,10.86,6.65,1.1,197.22
2022100208,3063,41336,0,0,0,1,4,53646,15.93,31.83,1.2,3.23,136.79,16.7,31.42,2.0,0.92,107.69
2022100211,3472,43404,0,0,0,1,4,53549,103.01,27.02,1.24,2.3,147.05,100.81,27.19,3.47,0.8,287.72
2022102700,390,42361,0,0,0,1,8,44896,40.87,41.61,6.38,0.32,295.69,30.36,48.55,8.91,0.59,297.22
2022102700,494,40096,0,0,0,1,8,44816,8.5,23.95,2.63,3.05,117.03,16.4,23.41,3.7,4.48,243.05
2022091807,191,38577,0,0,0,1,2,42345,49.66,48.14,4.13,6.56,7.32,50.1,47.92,5.75,4.21,280.59
2022102700,731,44828,0,0,0,1,8,44896,37.93,10.69,1.57,2.4,309.08,39.34,13.17,5.74,3.1,236.01
2022102700,755,41363,0,0,0,1,8,42369,29.47,35.28,1.26,3.22,295.88,26.56,30.23,6.99,2.39,235.74
2022102700,1086,43306,0,0,0,1,8,46437,107.12,31.15,4.83,0.31,311.53,96.65,42.77,6.44,3.9,309.5
2022102700,1086,43354,0,0,0,1,8,46437,102.4,39.5,3.62,4.28,298.14,96.65,42.77,6.44,3.9,309.5
2022091807,735,43294,0,0,0,1,2,39975,70.9,26.14,1.09,4.03,11.2,68.36,24.45,4.23,2.07,230.79
2022102700,1398,47882,0,0,0,1,8,47896,74.72,23.52,5.5,1.08,54.14,81.12,26.66,5.2,5.84,248.25
2022102700,1627,54622,0,0,0,1,8,43415,38.68,52.52,4.45,3.93,13.11,37.08,52.21,4.98,3.84,297.94
2022102700,2283,46081,0,0,0,1,8,46101,70.37,21.75,4.32,0.58,308.59,66.28,45.39,7.57,1.76,347.15
2022102700,2283,47882,0,0,0,1,8,46101,59.38,39.77,7.61,2.41,330.06,66.28,45.39,7.57,1.76,347.15
2022102700,2283,53461,0,0,0,1,8,46101,66.65,42.98,8.33,1.52,346.99,66.28,45.39,7.57,1.76,347.15
2022102700,2283,46699,0,0,0,1,8,46101,60.86,41.73,6.25,1.15,350.58,66.28,45.39,7.57,1.76,347.15
2022102700,2356,41915,0,0,0,1,8,46437,51.6,39.67,3.06,3.39,246.87,50.7,38.62,5.25,1.9,266.07
2022102700,2356,43306,0,0,0,1,8,46437,56.09,38.25,0.61,1.21,182.53,50.7,38.62,5.25,1.9,266.07
2022102700,2536,40096,0,0,0,1,8,54556,38.86,31.59,1.23,0.46,118.04,48.24,28.15,4.92,1.55,98.94
2022102700,2536,52506,0,0,0,1,8,54556,46.64,29.45,2.89,2.76,70.01,48.24,28.15,4.92,1.55,98.94
2022102700,2536,52436,0,0,0,1,8,54556,47.05,28.88,2.14,5.22,108.34,48.24,28.15,4.92,1.55,98.94
2022102700,2714,46699,0,0,0,1,8,54604,52.93,19.54,5.76,1.16,333.04,52.74,26.45,3.12,1.32,342.4
2022102700,2778,54622,0,0,0,1,8,46437,40.47,31.56,0.6,2.63,351.91,37.84,32.06,0.84,3.23,188.62
2022102700,2820,54622,0,0,0,1,8,43415,37.78,47.58,0.28,1.47,55.55,32.67,51.89,7.03,4.59,297.07
2022091807,1128,47862,0,0,0,1,2,39975,77.25,41.24,1.67,3.72,355.78,79.82,46.39,7.71,5.14,23.63
2022091807,1294,52607,0,0,0,1,2,54473,98.97,24.15,3.19,2.06,37.5,101.49,27.06,2.66,3.47,36.79
2022102700,3145,46159,0,0,0,1,8,46437,38.13,10.62,5.96,2.59,115.25,42.82,10.56,8.01,1.58,117.27
2022091807,1902,52542,0,0,0,1,2,43399,42.06,15.19,1.11,3.32,58.26,43.97,13.79,4.81,0.97,106.09
2022091807,2016,52527,0,0,0,1,2,52460,76.66,27.58,1.15,6.22,257.05,77.73,28.69,3.27,1.54,69.55
2022091807,2111,52542,0,0,0,1,2,44881,108.09,6.01,6.47,2.01,205.36,102.43,3.97,6.52,2.58,112.21
2022091807,2319,47917,0,0,0,1,2,39975,29.43,28.77,0.93,4.15,14.4,27.65,30.04,2.25,3.93,331.44
2022091807,2556,53469,0,0,0,1,2,41290,56.39,5.97,4.09,3.73,176.57,56.13,6.19,4.39,4.57,102.31
2022091807,2751,46091,0,0,0,1,2,44881,19.46,40.48,3.15,2.58,338.03,19.62,40.12,1.63,3.74,306.51
2022091807,2993,47862,0,0,0,1,2,46992,92.28,49.36,7.32,3.23,349.74,90.41,49.83,6.11,4.78,34.19
2022091807,3022,54750,0,0,0,1,2,39975,94.12,39.52,1.35,3.41,307.71,94.16,38.82,5.2,3.75,54.66
2022091807,3189,42480,0,0,0,1,2,52460,71.46,6.9,1.35,3.31,178.56,68.93,8.49,2.31,1.81,161.66
2022091807,3402,54607,0,0,0,1,2,54473,85.07,49.87,4.21,1.65,340.86,83.82,50.08,5.07,2.62,56.41
2022091807,3541,46091,0,0,0,1,2,52460,85.5,20.17,4.24,4.51,165.17,86.0,18.65,5.67,0.6,167.57
2022090800,1102,52492,0,0,0,1,1,52494,84.49,41.84,0.59,1.15,49.23,86.57,43.55,0.71,0.73,314.82
2022090800,1385,46232,0,0,0,1,1,47853,31.85,11.66,2.19,1.27,313.36,21.36,16.73,4.71,3.45,283.17
2022090800,1385,40107,0,0,0,1,1,47853,20.92,16.04,3.64,4.51,256.93,21.36,16.73,4.71,3.45,283.17
2022100208,3184,46077,0,0,0,1,4,37255,83.9,17.12,6.0,2.18,230.15,82.7,15.12,6.64,4.68,249.97
2022100208,3226,54778,0,0,0,1,4,47954,69.07,22.68,1.2,5.41,321.84,65.21,19.75,3.79,3.81,229.19
2022102303,379,43478,0,0,0,1,7,43584,43.4,16.74,0.78,1.63,229.31,49.28,10.57,6.51,1.79,153.77
2022102303,421,41235,0,0,0,1,7,48707,60.39,8.5,3.14,3.67,157.03,60.21,7.79,2.98,4.36,146.17
2022102303,421,43478,0,0,0,1,7,48707,59.84,9.32,2.32,4.85,90.9,60.21,7.79,2.98,4.36,146.17
2022102303,524,42346,0,0,0,1,7,48707,80.89,25.34,4.24,5.17,192.03,80.81,24.57,3.24,1.52,103.65
2022102303,1153,47996,0,0,0,1,7,48707,46.07,40.56,1.66,3.28,337.71,45.62,44.85,5.69,3.07,343.49
2022102303,1700,43478,0,0,0,1,7,44947,105.35,42.39,2.43,3.7,308.61,102.95,46.71,6.91,5.4,309.04
2022102303,1821,43533,0,0,0,1,7,43584,52.86,13.67,2.77,5.6,118.02,53.0,14.48,6.48,2.25,118.82
2022102303,1919,46259,0,0,0,1,7,43293,78.63,32.56,3.35,2.08,279.24,66.98,40.33,7.48,2.56,337.93
2022102303,1968,54562,0,0,0,1,7,47911,42.7,35.75,4.2,2.3,279.55,30.37,37.59,5.71,3.1,258.43
2022102303,2369,47996,0,0,0,1,7,44947,38.63,21.16,3.03,3.07,153.26,41.36,20.94,3.08,6.91,131.97
2022102303,2597,44955,0,0,0,1,7,44947,42.15,3.7,7.76,3.59,227.84,41.76,3.25,7.28,2.28,254.22
2022102303,3040,54467,0,0,0,1,7,52425,82.87,26.29,4.46,2.97,88.01,82.19,27.27,2.23,2.06,42.66
2022102303,3379,54562,0,0,0,1,7,47911,91.18,15.11,2.66,5.33,178.7,97.2,16.54,6.76,4.44,95.36
2022102303,3501,52459,0,0,0,1,7,48707,83.7,8.0,1.72,4.15,19.85,82.43,8.35,6.06,1.18,262.47
2022102303,3501,41263,0,0,0,1,7,48707,83.44,8.08,5.64,4.85,212.74,82.43,8.35,6.06,1.18,262.47
2022091803,102,54492,0,0,0,1,2,46173,66.05,38.86,3.36,1.57,294.45,61.12,44.47,4.02,0.64,13.0
2022091803,1099,46304,0,0,0,1,2,52733,40.94,19.09,2.4,1.28,279.53,19.88,20.9,8.66,1.01,307.09
2022091803,1412,43358,0,0,0,1,2,44978,53.21,17.21,2.99,3.98,158.1,53.98,18.08,1.03,5.34,313.57
2022091803,1861,54561,0,0,0,1,2,52733,63.32,45.66,7.0,3.08,10.76,66.01,47.5,6.8,0.74,321.12
2022091803,1997,44926,0,0,0,1,2,52449,33.31,46.78,0.61,3.76,103.34,34.09,47.24,2.75,2.45,52.58
2022091803,2300,43358,0,0,0,1,2,52733,34.45,30.24,1.0,2.62,4.97,32.22,31.89,3.37,2.62,321.22
2022091803,2592,44926,0,0,0,1,2,52449,40.44,33.93,3.95,0.68,284.13,41.49,35.33,4.36,2.7,318.12
2022091803,2769,53494,0,0,0,1,2,53556,12.89,35.71,1.88,1.98,216.99,11.77,36.84,0.26,0.43,107.91
2022091803,2804,44926,0,0,0,1,2,46173,22.87,12.35,2.03,1.6,1.01,23.6,13.35,1.35,0.87,55.99
2022091803,3473,52428,0,0,0,1,2,53703,89.3,48.39,5.57,5.06,359.51,87.3,49.34,7.11,4.75,325.77
2022092504,375,52497,0,0,0,1,3,44947,60.46,48.93,1.14,0.83,14.43,68.36,48.97,5.65,2.07,68.15
2022092504,825,42388,0,0,0,1,3,44947,63.53,30.26,4.54,5.49,203.79,62.19,29.04,5.87,1.06,115.88
2022092504,896,52613,0,0,0,1,3,43584,76.33,10.22,4.61,4.61,244.74,76.71,11.0,1.1,5.75,63.77
2022092504,1106,52980,0,0,0,1,3,43971,46.2,10.23,4.74,3.97,255.67,42.9,9.53,5.16,1.67,63.84
2022092504,1130,47975,0,0,0,1,3,47885,52.42,15.28,4.96,2.0,173.54,50.65,15.02,7.6,1.94,145.11
2022092504,1151,44888,0,0,0,1,3,47885,61.49,16.68,0.82,4.84,68.35,61.24,16.23,3.55,1.43,129.74
2022092504,1249,47929,0,0,0,1,3,44853,91.36,8.45,5.87,3.98,175.27,92.19,6.78,7.87,4.66,153.64
2022092504,1642,54467,0,0,0,1,3,44853,60.45,17.53,2.53,1.73,102.93,64.38,20.24,0.31,1.0,113.61
2022092504,2554,52980,0,0,0,1,3,44853,59.0,19.92,0.84,1.15,95.33,58.63,21.11,1.15,1.16,292.78
2022092504,2902,46259,0,0,0,1,3,44853,64.36,6.31,6.22,2.91,167.28,65.97,5.98,8.45,1.95,209.66
2022092504,3473,47929,0,0,0,1,3,45094,94.09,0.56,4.79,4.31,149.7,94.89,1.36,4.08,3.51,121.86
2022092504,3526,52980,0,0,0,1,3,47885,107.21,21.56,4.73,0.28,333.93,104.89,24.54,3.76,3.75,97.6
2022092504,3526,47864,0,0,0,1,3,47885,104.81,24.95,0.48,1.88,12.24,104.89,24.54,3.76,3.75,97.6
2022092504,3526,47929,0,0,0,1,3,47885,103.95,24.75,2.35,2.2,164.45,104.89,24.54,3.76,3.75,97.6
2022092504,3952,46165,0,0,0,1,3,44947,59.47,25.13,3.84,2.24,136.72,60.55,24.2,3.88,3.77,247.69
2022092504,4067,42431,0,0,0,1,3,44947,61.57,22.04,0.56,2.14,288.69,55.14,15.53,7.03,1.08,234.65
2022091102,364,47931,0,0,0,1,1,47856,86.5,33.08,6.44,2.67,225.28,84.2,26.27,6.25,4.82,242.12
2022091102,364,52422,0,0,0,1,1,47856,85.12,27.69,4.16,4.3,234.03,84.2,26.27,6.25,4.82,242.12
2022091102,531,44925,0,0,0,1,1,53623,68.14,27.29,0.17,1.97,63.21,74.68,28.2,4.27,1.77,67.64
2022091102,698,46354,0,0,0,1,1,53646,99.48,26.67,1.09,3.55,302.28,96.94,25.0,4.58,2.32,247.83
2022091102,719,46354,0,0,0,1,1,53440,99.88,14.25,4.57,3.6,155.3,99.51,12.38,7.04,2.44,179.54
2022091102,1286,45345,0,0,0,1,1,47819,14.25,40.09,7.17,1.62,356.7,16.93,41.66,8.69,3.85,321.32
2022091102,1363,53609,0,0,0,1,1,47856,28.32,41.29,0.16,2.45,142.44,30.23,40.93,0.75,1.12,200.73
2022091102,1562,54513,0,0,0,1,1,53432,82.66,34.4,4.15,1.64,68.19,79.87,36.25,6.38,1.77,311.62
2022091102,1907,44938,0,0,0,1,1,53440,57.48,22.44,4.1,1.03,47.62,66.51,29.63,8.03,4.0,93.14
2022091102,2065,54513,0,0,0,1,1,47819,82.85,36.34,5.45,3.73,284.7,78.44,35.29,6.76,3.36,272.26
2022091102,2331,44925,0,0,0,1,1,53432,24.87,47.91,3.9,4.3,33.68,22.14,46.57,3.21,2.76,308.65
2022091102,2556,47785,0,0,0,1,1,47856,42.29,33.03,0.48,1.03,269.9,42.94,31.61,0.32,0.79,271.6
2022091102,2738,54504,0,0,0,1,1,47819,86.98,14.78,1.0,1.52,162.95,87.67,14.33,1.72,0.89,163.41
2022090800,2163,43335,0,0,0,1,1,47857,38.11,10.22,0.91,0.53,210.47,35.04,9.76,3.83,0.96,237.28
2022090800,2208,42816,0,0,0,1,1,47857,27.87,4.39,0.34,1.2,156.06,22.19,1.52,3.82,2.74,255.84
2022090800,2336,46190,0,0,0,1,1,47853,62.86,30.99,4.58,7.22,339.2,62.57,31.93,4.58,2.69,27.9
2022091102,3695,45345,0,0,0,1,1,47819,35.08,42.9,3.76,4.78,39.53,36.72,40.48,2.85,3.23,111.86
2022091102,3739,45009,0,0,0,1,1,53432,36.03,33.4,0.67,0.24,292.95,38.01,31.97,4.06,2.7,50.86
2022100208,3722,44925,0,0,0,1,4,46071,42.04,24.35,0.16,3.26,179.98,40.42,26.13,6.0,1.36,302.19
2022091108,1089,47800,0,0,0,1,1,43334,65.7,37.0,1.05,1.58,243.18,69.34,34.33,4.56,1.84,150.68
2022091108,1333,47971,0,0,0,1,1,46071,83.31,7.65,7.02,3.78,164.91,82.93,8.56,4.94,3.59,252.75
2022102700,3806,45063,0,0,0,1,8,47896,91.76,7.95,2.68,3.49,182.8,93.79,5.91,6.51,2.84,156.84
2022102700,3806,43306,0,0,0,1,8,47896,92.91,6.51,4.74,2.6,176.04,93.79,5.91,6.51,2.84,156.84
2022102700,4094,54606,0,0,0,1,8,44816,36.95,42.57,1.87,4.67,26.79,35.43,40.8,4.41,2.63,259.19
2022091108,1948,47899,0,0,0,1,1,46071,74.17,0.92,6.36,0.38,288.47,47.29,1.84,9.66,2.21,273.37
2022091108,1974,47971,0,0,0,1,1,45186,32.5,28.13,2.37,4.04,39.64,28.9,30.73,6.09,4.61,317.55
2022091108,2208,52469,0,0,0,1,1,43329,22.45,18.43,6.23,2.09,298.56,20.4,21.39,8.07,1.88,297.24
2022091108,2321,52663,0,0,0,1,1,43334,67.21,27.8,1.16,2.78,134.43,69.48,26.32,3.68,3.08,95.98
2022091108,2846,42031,0,0,0,1,1,53449,39.49,38.32,3.86,2.93,81.26,39.74,31.9,6.02,2.58,139.54
2022091108,3177,52663,0,0,0,1,1,43334,80.1,38.92,7.06,0.78,353.21,81.8,42.02,7.82,2.96,337.37
2022091108,3251,40171,0,0,0,1,1,54608,77.26,15.08,2.3,0.59,197.9,73.24,10.93,0.87,0.23,256.67
2022091108,3251,44830,0,0,0,1,1,54608,76.02,14.13,0.36,3.13,46.91,73.24,10.93,0.87,0.23,256.67
2022091108,3396,47971,0,0,0,1,1,53449,77.17,23.37,3.82,0.91,20.15,80.88,35.82,7.78,0.42,39.18
2022091108,3396,42031,0,0,0,1,1,53449,73.93,28.01,0.46,2.49,313.75,80.88,35.82,7.78,0.42,39.18
2022092505,164,54584,0,0,0,1,3,42357,82.47,38.85,0.2,0.68,327.63,73.81,42.26,7.64,2.89,316.0
2022090800,2712,47939,0,0,0,1,1,46076,103.18,21.13,2.56,3.99,41.84,103.32,22.24,4.88,1.58,87.37
2022090800,2839,42395,0,0,0,1,1,52460,84.4,5.88,4.87,3.41,161.36,83.08,7.81,4.25,0.29,259.77
2022090800,2958,43335,0,0,0,1,1,46076,53.99,20.15,3.79,2.4,104.82,54.38,21.01,2.83,3.95,67.31
2022092505,370,43435,0,0,0,1,3,46101,37.23,25.53,0.64,1.18,76.92,45.25,8.24,8.34,2.32,137.43
2022092505,566,47938,0,0,0,1,3,46155,102.71,34.9,1.75,5.58,77.54,103.63,33.75,5.34,3.6,31.54
2022092505,633,37778,0,0,0,1,3,53549,90.62,19.54,4.2,3.27,207.06,86.12,10.35,8.55,1.55,207.55
2022092505,1001,52479,0,0,0,1,3,47870,52.88,6.06,1.2,2.88,183.69,55.23,6.61,1.66,2.74,133.96
2022092505,1001,52436,0,0,0,1,3,47870,50.81,4.48,2.41,1.56,90.09,55.23,6.61,1.66,2.74,133.96
2022092505,1326,53460,0,0,0,1,3,53549,90.67,20.15,1.67,2.46,125.42,98.74,11.28,8.52,1.77,146.64
2022092505,1527,35466,0,0,0,1,3,47896,51.37,21.4,2.8,5.76,5.81,52.75,22.96,6.54,3.96,265.07
2022092505,1600,44837,0,0,0,1,3,52463,32.18,20.95,2.21,3.93,240.0,27.83,17.75,5.23,1.68,218.35
2022092505,1677,33131,0,0,0,1,3,53549,24.5,32.16,0.79,0.82,98.84,41.05,35.44,3.64,1.66,143.32
2022092505,2441,43522,0,0,0,1,3,46101,24.28,44.46,6.39,0.63,316.88,21.2,50.95,7.17,3.63,303.87
2022090800,3576,46085,0,0,0,1,1,44881,26.13,12.08,0.38,3.06,288.29,26.73,16.5,5.54,0.74,357.94
2022090800,3576,54650,0,0,0,1,1,44881,34.56,11.32,4.3,2.09,295.64,26.73,16.5,5.54,0.74,357.94
2022092510,414,48026,0,0,0,1,3,44917,84.29,19.79,3.9,2.44,169.77,86.11,19.13,4.01,5.92,256.2
2022092510,525,52945,0,0,0,1,3,44881,62.57,36.23,3.59,5.91,25.11,62.49,34.92,2.71,3.29,70.97
2022092505,2729,52506,0,0,0,1,3,53549,34.18,9.92,1.74,2.41,152.04,35.16,4.39,6.62,5.38,129.96
2022092505,2753,42361,0,0,0,1,3,53549,55.87,11.49,3.78,2.87,164.39,55.79,11.93,5.9,1.29,134.92
2022092505,3109,52436,0,0,0,1,3,47870,46.26,44.36,1.2,2.49,118.9,42.79,42.8,3.81,1.06,233.95
2022092505,3416,52578,0,0,0,1,3,53549,79.66,41.98,2.77,2.23,353.17,78.16,40.61,1.25,2.88,279.29
2022092505,3560,44944,0,0,0,1,3,46101,76.12,46.75,2.3,4.56,32.94,82.45,47.97,8.94,3.06,71.64
2022091806,2486,44906,0,0,0,1,2,42363,42.5,5.95,3.64,4.13,186.76,45.81,6.4,5.38,2.07,145.81
2022091806,2743,47938,0,0,0,1,2,53453,73.61,13.4,4.82,4.44,165.98,75.66,12.28,2.9,6.14,271.91
2022091806,2831,47938,0,0,0,1,2,53453,47.54,10.16,1.03,3.92,233.06,43.38,10.32,4.54,1.02,226.71
2022092510,1330,47844,0,0,0,1,3,44917,34.99,47.76,4.54,3.63,304.68,35.12,48.48,4.83,1.42,359.65
2022092510,1569,46686,0,0,0,1,3,48646,92.32,29.02,2.52,4.73,177.25,94.31,30.68,2.53,4.72,65.07
2022092510,1683,53532,0,0,0,1,3,44917,103.86,9.77,5.02,2.67,191.65,104.04,9.7,3.63,3.15,164.6
2022092510,1683,48026,0,0,0,1,3,44917,104.48,16.19,0.55,0.01,22.82,104.04,9.7,3.63,3.15,164.6
2022092510,1683,43298,0,0,0,1,3,44917,105.13,15.93,1.49,2.09,174.45,104.04,9.7,3.63,3.15,164.6
2022092510,2755,47848,0,0,0,1,3,52460,26.19,26.22,3.76,2.35,84.82,26.98,25.67,5.36,1.82,71.83
2022092510,2755,52539,0,0,0,1,3,52460,25.96,25.35,3.58,0.72,31.2,26.98,25.67,5.36,1.82,71.83
2022092510,2822,52945,0,0,0,1,3,43399,53.89,18.0,4.79,3.08,101.46,66.25,9.3,8.23,3.3,128.73
2022091100,78,41257,0,0,0,1,1,39975,50.53,18.1,6.41,3.19,236.81,48.53,19.36,4.78,5.01,144.08
2022091100,322,53611,0,0,0,1,1,42344,84.66,42.5,5.32,2.8,6.45,84.15,43.78,7.29,2.24,341.03
2022091100,395,44851,0,0,0,1,1,41712,27.49,29.1,0.7,5.37,252.75,29.73,26.21,1.72,0.94,153.01
2022091100,546,42901,0,0,0,1,1,45244,38.12,51.72,0.93,2.24,321.6,32.47,51.58,7.42,0.99,276.46
2022091100,1067,42553,0,0,0,1,1,39975,25.65,33.01,2.2,1.7,310.81,21.89,35.42,6.96,1.85,316.66
2022091100,1191,46135,0,0,0,1,1,42344,32.72,30.69,2.57,2.99,92.76,34.32,31.62,4.08,0.74,75.34
2022091100,1485,38592,0,0,0,1,1,41292,42.98,43.21,2.94,4.04,232.49,42.03,45.59,4.76,4.97,342.9
2022091806,3131,46698,0,0,0,1,2,42363,51.63,3.49,4.46,3.2,215.46,52.97,4.35,2.0,4.18,218.09
2022091806,3511,44878,0,0,0,1,2,53549,83.05,32.49,0.49,0.59,250.96,73.96,49.93,6.54,4.51,323.74
2022091102,3859,54513,0,0,0,1,1,46377,52.9,13.87,0.16,0.32,70.52,55.68,13.29,1.76,2.88,141.55
2022091102,3859,46077,0,0,0,1,1,46377,55.11,13.53,2.43,3.94,77.7,55.68,13.29,1.76,2.88,141.55
2022091806,1515,54586,0,0,0,1,2,54905,40.26,45.56,4.28,4.12,355.15,40.05,46.28,6.47,3.84,17.65
2022091806,2146,53674,0,0,0,1,2,53549,69.42,28.88,5.82,3.41,181.11,68.03,26.82,6.27,3.88,86.47
2022092513,86,42393,0,0,0,1,3,47819,90.7,7.68,1.54,2.9,252.14,86.13,5.96,1.67,1.12,281.69
2022092513,320,35459,0,0,0,1,3,46377,55.78,25.48,2.25,1.91,269.97,33.28,32.79,7.49,4.17,321.75
2022092513,466,48268,0,0,0,1,3,53464,34.45,25.57,5.3,2.42,318.15,32.84,27.07,5.36,3.16,88.51
2022092513,1259,46175,0,0,0,1,3,47819,62.84,26.32,0.09,0.31,107.63,62.21,27.24,0.03,0.11,259.31
2022092513,1363,53609,0,0,0,1,3,53464,107.08,18.37,2.14,4.99,162.15,104.83,19.04,3.21,1.83,220.32
2022092513,1363,46354,0,0,0,1,3,53464,108.87,22.68,0.77,2.12,175.52,104.83,19.04,3.21,1.83,220.32
2022092513,1484,48268,0,0,0,1,3,53464,81.03,20.28,3.25,2.04,305.72,77.67,18.23,7.39,3.0,257.07
2022092513,1505,53609,0,0,0,1,3,53464,66.71,26.17,5.23,1.97,164.74,69.37,23.63,5.69,3.37,267.99
2022092513,1892,53601,0,0,0,1,3,52526,60.89,6.93,4.97,3.05,107.02,68.27,8.83,5.51,4.05,236.52
2022092513,2991,35459,0,0,0,1,3,47819,52.72,9.23,5.46,4.4,151.63,55.15,8.94,5.14,4.96,234.5
2022092513,3589,46139,0,0,0,1,3,42358,14.17,22.61,3.93,0.46,176.26,13.32,22.12,4.1,2.83,208.94
2022100300,272,53601,0,0,0,1,4,43399,88.9,5.43,8.06,2.11,192.49,87.39,4.95,5.48,4.09,149.85
2022100300,1247,53609,0,0,0,1,4,43399,50.82,7.58,8.73,3.53,146.49,51.83,7.33,3.82,3.93,252.95
2022100300,1547,47844,0,0,0,1,4,47819,97.91,11.97,8.69,1.15,128.13,98.63,4.93,8.29,1.81,117.06
2022100300,1547,43294,0,0,0,1,4,47819,89.34,14.64,2.85,1.5,122.96,98.63,4.93,8.29,1.81,117.06
2022100300,1652,53601,0,0,0,1,4,44881,78.49,36.96,2.37,6.26,207.62,79.0,32.94,3.8,2.76,337.42
2022092510,3601,47917,0,0,0,1,3,44917,31.99,22.3,0.28,0.59,144.85,32.36,21.14,1.05,1.28,245.23
2022091100,2069,53577,0,0,0,1,1,44879,85.52,19.59,0.16,1.47,208.95,83.4,26.5,5.4,1.91,345.28
2022091100,2332,38607,0,0,0,1,1,39975,47.01,23.69,4.05,3.09,161.68,48.6,24.14,4.68,4.46,109.11
2022091100,2491,52424,0,0,0,1,1,44879,77.78,25.75,0.68,0.29,297.42,71.76,26.03,2.52,2.91,335.43
2022100300,3882,46354,0,0,0,1,4,44881,64.3,8.71,0.89,4.17,86.52,64.44,9.24,6.45,1.34,233.91
2022102302,604,46771,0,0,0,1,7,44860,11.13,21.44,0.41,0.69,44.87,13.28,22.93,4.9,4.2,225.7
2022102302,777,52542,0,0,0,1,7,44860,76.48,2.74,1.92,4.35,170.99,74.33,1.94,4.22,5.03,248.4
2022102302,850,52542,0,0,0,1,7,44927,89.36,10.14,0.69,1.9,350.98,87.26,12.83,2.8,3.52,312.73
2022102302,1194,44872,0,0,0,1,7,54042,42.54,27.54,3.47,3.05,308.22,41.49,28.14,5.46,2.86,281.75
2022102302,1194,46123,0,0,0,1,7,54042,42.37,27.7,1.65,2.72,36.6,41.49,28.14,5.46,2.86,281.75
2022102302,1295,43350,0,0,0,1,7,54616,24.36,17.58,2.14,2.12,234.63,23.14,19.57,0.88,1.07,240.0
2022102302,2100,54523,0,0,0,1,7,43344,83.93,41.8,1.98,4.25,353.17,84.2,41.29,2.9,1.5,337.27
2022091806,3609,45395,0,0,0,1,2,53549,56.1,31.69,2.35,2.46,294.34,54.87,32.67,3.4,2.21,309.93
2022091806,3630,45395,0,0,0,1,2,47870,44.32,23.22,2.05,5.77,324.83,45.81,24.06,6.38,4.24,293.01
2022091806,3679,43325,0,0,0,1,2,47870,36.56,14.45,6.04,2.91,206.06,36.1,13.16,7.96,0.71,210.45
2022091112,181,54487,0,0,0,1,1,52430,88.98,1.91,6.34,4.09,92.92,89.6,2.96,6.14,3.38,83.49
2022102302,2561,43641,0,0,0,1,7,54042,72.01,21.04,3.07,3.68,202.7,71.25,21.03,3.15,2.94,212.52
2022091112,1539,43404,0,0,0,1,1,44853,69.71,18.18,3.63,1.96,279.1,68.27,16.9,6.11,1.25,242.94
2022091112,1613,42485,0,0,0,1,1,52430,13.65,47.51,4.97,2.29,11.1,18.78,50.02,6.87,2.15,282.36
2022091112,2246,42427,0,0,0,1,1,44995,58.73,44.67,6.69,1.81,50.48,57.6,47.13,7.5,3.68,38.87
2022091112,2501,53602,0,0,0,1,1,44853,77.26,34.52,1.16,2.81,82.44,75.94,35.68,2.21,4.03,280.86
2022092510,3874,46686,0,0,0,1,3,48646,87.45,13.76,3.04,5.2,280.6,89.63,12.43,2.28,0.4,158.5
2022092501,155,35470,0,0,0,1,3,53440,40.35,31.61,2.85,0.93,53.59,63.55,51.1,9.13,3.58,61.94
2022092501,155,52498,0,0,0,1,3,53440,42.75,29.32,0.64,0.66,41.19,63.55,51.1,9.13,3.58,61.94
2022092501,287,41599,0,0,0,1,3,54572,87.02,19.82,0.59,1.68,129.81,81.97,19.73,1.85,2.85,231.39
2022092501,391,42441,0,0,0,1,3,46276,59.92,52.07,3.42,3.64,95.69,60.58,51.61,6.47,3.88,84.17
2022092501,481,43497,0,0,0,1,3,53646,79.19,38.1,1.42,3.62,9.58,80.76,39.65,4.67,4.1,49.96
2022092501,531,46148,0,0,0,1,3,53646,92.39,30.74,1.3,3.55,77.15,93.97,30.96,3.77,1.16,55.43
2022092501,1122,43497,0,0,0,1,3,53646,88.73,25.29,2.09,3.55,205.74,89.18,24.76,5.13,0.12,214.88
2022092501,1377,43497,0,0,0,1,3,53646,101.6,12.8,1.24,3.03,170.38,100.26,11.14,4.3,1.86,215.66
2022092501,1608,35470,0,0,0,1,3,53440,93.25,36.95,0.23,2.02,185.65,90.96,40.37,5.08,1.29,306.46
2022091112,3002,42381,0,0,0,1,1,47885,92.79,22.2,0.76,2.0,206.69,96.54,19.95,3.51,1.43,132.6
2022091112,3029,53602,0,0,0,1,1,47885,99.04,33.64,1.75,2.7,7.6,97.91,33.04,4.0,1.29,334.98
2022091112,3416,42381,0,0,0,1,1,44853,32.02,37.59,3.44,1.39,93.47,40.49,31.93,5.6,2.41,102.71
2022091112,3416,46087,0,0,0,1,1,44853,39.36,32.83,2.45,3.71,129.59,40.49,31.93,5.6,2.41,102.71
2022092501,1629,44937,0,0,0,1,3,53440,81.97,29.08,5.87,2.07,179.04,81.89,28.08,4.99,5.51,201.21
2022092501,2081,54502,0,0,0,1,3,53646,97.64,27.83,1.88,4.09,318.94,95.34,28.09,4.94,3.76,270.89
2022092501,2183,54504,0,0,0,1,3,54572,37.86,46.56,1.97,1.73,358.41,41.1,48.12,5.88,1.83,48.53
2022092501,2236,54504,0,0,0,1,3,54572,71.91,18.76,0.99,3.67,108.79,74.2,20.19,2.01,3.1,99.41
2022091112,3627,47804,0,0,0,1,1,44853,54.56,43.82,4.83,5.5,349.12,56.52,45.47,7.87,3.82,28.61
2022100600,111,52764,0,0,0,1,5,46173,80.14,4.49,1.87,6.22,75.24,81.63,4.73,3.05,3.88,311.8
2022100600,324,46304,0,0,0,1,5,42358,95.02,9.58,6.93,1.68,178.38,94.97,8.47,7.2,2.17,177.95
2022100600,406,42030,0,0,0,1,5,53703,75.35,8.61,1.04,3.35,88.88,71.17,13.67,4.86,2.52,310.23
2022100600,1048,54624,0,0,0,1,5,42358,46.36,22.02,1.69,1.54,213.56,44.44,22.88,1.47,4.73,255.38
2022100600,1069,46304,0,0,0,1,5,42358,44.32,20.52,3.61,1.17,210.45,43.14,20.39,3.43,2.64,248.77
2022100600,1335,46175,0,0,0,1,5,54518,53.32,12.59,7.98,2.78,101.03,54.8,13.88,7.48,4.49,132.59
2022100600,1396,53581,0,0,0,1,5,46367,75.55,9.87,4.96,3.35,167.14,79.07,8.48,7.74,2.67,135.47
2022092503,837,43503,0,0,0,1,3,47879,47.25,49.12,4.64,1.51,353.78,45.74,49.73,3.96,3.73,59.62
2022092503,866,53447,0,0,0,1,3,47857,54.33,38.87,1.59,2.64,43.3,56.02,36.37,3.09,1.67,99.45
2022092503,994,52478,0,0,0,1,3,47857,77.71,8.86,1.74,6.97,131.27,77.75,11.06,2.26,2.23,62.14
2022092503,1037,46307,0,0,0,1,3,46076,46.89,29.91,0.84,1.85,250.38,42.6,26.09,5.87,2.07,209.08
2022092503,1310,53641,0,0,0,1,3,53435,67.52,22.68,4.68,1.85,139.3,69.6,17.31,7.08,0.24,159.45
2022092503,1358,54488,0,0,0,1,3,42718,85.3,33.33,3.44,1.38,295.0,85.22,32.7,5.22,3.41,23.13
2022092503,2352,53465,0,0,0,1,3,46076,35.73,6.77,2.81,4.53,140.37,36.38,7.98,3.78,5.06,89.05
2022092503,2440,52478,0,0,0,1,3,47879,51.37,9.31,3.53,3.6,16.36,52.85,9.44,4.79,2.63,64.16
2022100600,3702,46304,0,0,0,1,5,42358,41.3,30.9,3.04,4.05,105.02,39.45,27.28,3.4,1.24,150.39
2022100600,3702,47872,0,0,0,1,5,42358,35.87,25.88,6.59,1.26,92.63,39.45,27.28,3.4,1.24,150.39
2022092501,2398,46669,0,0,0,1,3,53646,51.6,15.0,7.17,1.83,236.6,40.35,6.29,7.88,3.89,220.22
2022092501,2627,46077,0,0,0,1,3,54572,52.21,16.45,0.41,2.69,40.27,54.62,17.75,1.92,2.45,62.51
2022092501,2816,45345,0,0,0,1,3,40138,103.81,21.66,1.6,3.26,2.5,106.65,21.49,2.05,5.42,72.53
2022092503,2916,53447,0,0,0,1,3,46076,75.66,18.6,1.59,1.4,91.55,79.79,16.53,4.7,3.05,83.92
2022092503,2944,46307,0,0,0,1,3,52494,80.31,25.53,0.12,0.34,144.04,83.11,24.7,1.1,1.45,75.28
2022100600,4213,42929,0,0,0,1,5,53703,26.0,22.0,0.25,1.67,13.54,24.09,24.23,3.76,4.01,328.32
2022100600,4429,42030,0,0,0,1,5,53556,46.83,48.82,5.55,2.87,52.84,47.23,50.24,5.08,1.27,79.22
2022100600,4429,54580,0,0,0,1,5,53556,45.27,50.93,1.58,5.03,304.05,47.23,50.24,5.08,1.27,79.22
2022100600,4458,46074,0,0,0,1,5,53703,55.34,31.07,1.51,3.15,108.42,57.07,30.71,4.54,0.81,111.22
2022100600,4458,35459,0,0,0,1,5,53703,55.24,30.66,2.64,4.48,139.48,57.07,30.71,4.54,0.81,111.22
2022100600,4479,54580,0,0,0,1,5,47842,64.23,8.45,2.88,0.95,173.13,64.95,6.74,6.22,1.12,152.14
2022092503,3246,47964,0,0,0,1,3,46203,111.06,25.18,0.94,3.01,218.58,102.94,23.21,4.38,4.83,50.36
2022092503,3299,42444,0,0,0,1,3,47857,84.92,36.42,4.26,3.13,346.65,84.66,36.77,5.18,3.31,311.34
2022092503,3503,53447,0,0,0,1,3,52494,46.31,12.87,1.1,3.87,193.04,42.18,15.46,4.12,2.43,273.17
2022092507,480,53564,0,0,0,1,3,41282,52.4,20.39,1.88,1.6,169.08,49.66,12.31,6.74,3.1,180.96
2022092501,3182,52498,0,0,0,1,3,46276,26.0,26.03,2.32,2.81,213.75,30.51,22.58,4.18,4.26,114.79
2022092501,3514,44925,0,0,0,1,3,45339,74.9,43.29,4.83,2.06,345.24,74.21,43.82,4.66,3.93,332.34
2022092501,3662,42441,0,0,0,1,3,53646,25.14,38.39,5.64,1.73,49.3,30.87,48.65,8.61,3.14,56.66
2022092501,3824,44925,0,0,0,1,3,43396,85.44,11.65,7.29,3.66,145.7,84.68,12.02,6.56,1.82,182.25
2022091500,348,47867,0,0,0,1,2,52520,77.9,20.59,1.51,3.55,48.61,79.75,17.85,1.94,2.64,107.3
2022091500,475,54708,0,0,0,1,2,44856,91.88,11.62,3.32,6.89,303.59,91.04,12.14,4.47,2.15,56.31
2022091500,475,52546,0,0,0,1,2,44856,86.61,9.08,2.31,3.92,88.3,91.04,12.14,4.47,2.15,56.31
2022091500,1279,42406,0,0,0,1,2,45573,58.33,14.03,0.29,0.73,22.1,58.25,11.03,0.5,1.32,117.28
2022092507,1183,44968,0,0,0,1,3,43334,67.29,18.43,1.01,0.75,178.06,66.61,17.05,3.72,3.09,230.78
2022092507,1183,47810,0,0,0,1,3,43334,67.85,20.42,1.36,0.83,6.84,66.61,17.05,3.72,3.09,230.78
2022092507,1254,39997,0,0,0,1,3,43334,30.39,14.71,1.01,0.27,151.6,20.28,8.96,8.41,2.23,234.68
2022092507,1254,40039,0,0,0,1,3,43334,21.58,10.1,5.68,3.08,266.12,20.28,8.96,8.41,2.23,234.68
2022092507,2017,47971,0,0,0,1,3,47807,81.42,34.01,4.36,3.59,344.55,83.68,34.47,3.98,6.39,48.34
2022092507,2093,54500,0,0,0,1,3,41282,99.0,41.73,3.41,5.33,340.71,99.16,44.75,8.04,2.17,359.54
2022092507,2252,47889,0,0,0,1,3,43334,90.5,35.2,3.88,1.3,255.54,81.09,35.3,1.56,0.28,184.85
2022092507,2600,48581,0,0,0,1,3,43334,66.42,30.16,3.12,3.2,239.41,65.88,29.38,4.51,1.63,263.67
2022092507,2731,45643,0,0,0,1,3,47807,65.55,33.98,2.71,1.94,318.12,63.13,35.74,2.85,1.93,10.87
2022092507,2752,45643,0,0,0,1,3,47920,59.0,38.54,3.65,4.9,10.48,58.82,38.83,3.02,3.05,307.12
2022092507,2910,47810,0,0,0,1,3,43334,29.35,17.28,2.66,2.11,209.09,27.85,18.4,4.56,2.5,158.38
2022091100,3926,44851,0,0,0,1,1,42345,56.68,12.11,3.42,3.06,137.82,56.07,10.38,6.16,2.19,188.4
2022110609,271,41239,0,0,0,1,9,44816,57.65,40.22,0.98,0.55,49.26,62.72,51.68,2.54,1.88,40.23
2022110609,701,48026,0,0,0,1,9,52484,27.03,7.61,0.86,1.28,78.9,28.29,4.65,3.57,2.62,126.21
2022110609,754,54677,0,0,0,1,9,54571,26.89,11.01,1.86,2.08,280.89,30.26,8.44,0.93,1.36,135.74
2022091500,1908,52471,0,0,0,1,2,45573,48.19,49.66,6.08,1.28,88.34,62.41,50.68,6.1,3.4,72.26
2022091500,2286,47913,0,0,0,1,2,52440,61.18,24.48,1.5,1.45,224.31,56.07,22.98,6.1,1.55,240.4
2022091500,2286,46086,0,0,0,1,2,52440,64.47,29.63,0.43,0.29,152.79,56.07,22.98,6.1,1.55,240.4
2022110609,1925,47862,0,0,0,1,9,37079,51.84,13.24,1.01,2.35,295.08,45.52,12.51,1.78,3.23,210.0
2022110609,2428,47882,0,0,0,1,9,47853,85.94,28.19,0.55,0.17,350.79,91.71,28.11,5.49,1.34,102.62
2022110609,2428,43306,0,0,0,1,9,47853,82.59,32.98,2.05,1.18,107.34,91.71,28.11,5.49,1.34,102.62
2022110609,2428,46132,0,0,0,1,9,47853,86.87,28.46,0.82,1.28,91.7,91.71,28.11,5.49,1.34,102.62
2022091500,2807,47913,0,0,0,1,2,40011,12.71,44.12,0.41,0.37,44.47,12.02,35.52,0.57,4.26,302.78
2022091500,2951,52471,0,0,0,1,2,45573,77.64,45.57,1.15,2.38,28.91,72.66,46.28,5.14,1.86,333.21
2022091500,2987,54708,0,0,0,1,2,45573,62.63,46.29,1.24,3.5,223.29,61.78,48.61,1.32,1.03,323.54
2022091500,3090,47984,0,0,0,1,2,44856,43.71,10.69,1.24,0.99,62.81,41.19,8.94,1.53,2.3,171.24
2022091500,3350,46775,0,0,0,1,2,52440,32.52,8.05,1.1,2.18,205.35,37.75,7.85,5.89,2.44,116.79
2022110609,3483,54677,0,0,0,1,9,44816,67.36,47.34,4.13,1.49,76.73,78.94,47.75,1.23,2.46,80.19
2022110609,3644,48026,0,0,0,1,9,47991,54.03,15.1,6.44,4.88,202.84,52.84,13.6,4.99,4.25,138.06
2022110609,3668,48026,0,0,0,1,9,54556,60.06,14.43,4.21,2.5,269.94,56.97,15.13,3.38,1.97,93.93
2022091500,3780,46137,0,0,0,1,2,45573,78.83,13.92,4.95,2.1,268.84,67.98,7.51,7.16,2.37,229.76
2022091500,3780,54527,0,0,0,1,2,45573,79.1,11.55,1.34,0.66,181.28,67.98,7.51,7.16,2.37,229.76
2022110610,423,52469,0,0,0,1,9,47839,16.16,2.08,5.18,2.6,143.11,15.24,3.55,1.99,4.95,207.31
2022110610,544,52471,0,0,0,1,9,54608,42.35,18.91,7.0,0.44,73.24,63.31,20.49,9.11,1.17,66.54
2022110610,544,46144,0,0,0,1,9,54608,46.09,15.65,4.5,1.45,85.92,63.31,20.49,9.11,1.17,66.54
2022110610,544,54568,0,0,0,1,9,54608,53.08,18.43,7.99,1.28,78.42,63.31,20.49,9.11,1.17,66.54
2022110610,833,44869,0,0,0,1,9,44874,13.36,40.14,0.29,1.73,130.92,13.04,38.27,0.71,1.46,352.47
2022110610,931,54500,0,0,0,1,9,47839,107.26,4.71,6.62,1.92,199.49,105.25,4.22,4.98,4.98,136.1
2022110610,1066,54486,0,0,0,1,9,43334,33.77,7.67,4.74,4.37,275.05,34.19,8.99,8.05,4.76,255.13
2022110610,1066,47846,0,0,0,1,9,43334,37.48,9.15,6.22,2.35,225.68,34.19,8.99,8.05,4.76,255.13
2022110610,1108,52471,0,0,0,1,9,54551,23.25,11.55,9.71,2.5,198.35,22.96,10.44,9.15,1.41,212.41
2022110610,1419,47846,0,0,0,1,9,43334,73.91,40.54,3.36,1.88,275.99,46.34,44.41,9.85,1.23,296.45
2022091107,490,52436,0,0,0,1,1,53536,94.9,20.04,3.69,3.83,198.59,93.4,20.75,1.43,4.24,234.62
2022110610,1883,52469,0,0,0,1,9,41325,47.15,50.67,1.82,6.35,280.26,45.32,50.24,5.61,4.06,92.58
2022110610,2193,46137,0,0,0,1,9,54551,24.5,10.43,1.25,2.44,105.45,27.15,6.82,4.91,1.32,148.88
2022110610,2792,54600,0,0,0,1,9,54596,40.52,11.63,0.93,2.61,49.03,42.22,9.49,2.86,2.39,148.03
2022091107,636,44828,0,0,0,1,1,53463,69.17,10.76,2.88,2.83,189.07,69.1,7.2,5.24,0.13,182.36
2022091107,636,37778,0,0,0,1,1,53463,70.14,8.96,3.18,3.61,157.72,69.1,7.2,5.24,0.13,182.36
2022091107,744,54469,0,0,0,1,1,43415,98.64,4.91,2.33,5.87,282.47,100.43,5.14,1.58,1.35,117.63
2022091107,868,54479,0,0,0,1,1,54475,79.33,53.13,4.71,3.76,245.82,78.6,51.45,3.91,3.74,261.25
2022091107,868,53533,0,0,0,1,1,54475,81.14,51.56,2.07,1.36,348.8,78.6,51.45,3.91,3.74,261.25
2022091107,1120,44999,0,0,0,1,1,53536,73.64,-0.52,0.77,2.52,136.84,73.71,1.6,1.98,1.21,46.24
2022110610,3445,47802,0,0,0,1,9,44822,57.37,17.63,1.61,3.29,93.28,59.57,23.69,7.16,3.58,30.44
2022110610,3593,54500,0,0,0,1,9,41325,92.43,5.37,2.24,3.33,263.45,93.43,7.15,2.34,3.9,355.28
2022110610,3617,47802,0,0,0,1,9,44822,102.9,6.2,3.86,4.07,173.41,103.45,5.42,5.6,1.3,115.83
2022091107,1378,37778,0,0,0,1,1,54501,20.48,10.86,0.04,0.18,249.81,26.72,5.52,7.84,0.7,129.22
2022091107,1717,44999,0,0,0,1,1,53536,53.24,34.43,4.57,5.08,64.31,54.26,30.9,6.09,1.77,117.93
2022100200,372,38607,0,0,0,1,4,47885,101.29,29.67,1.2,0.89,151.54,104.87,28.67,0.46,2.4,121.38
2022100200,372,41257,0,0,0,1,4,47885,102.64,30.13,2.0,4.62,333.54,104.87,28.67,0.46,2.4,121.38
2022100200,451,40017,0,0,0,1,4,47885,102.64,46.4,1.89,6.38,301.48,101.25,45.93,6.26,2.86,100.26
2022100200,959,53489,0,0,0,1,4,47885,54.27,22.35,1.55,1.58,351.4,55.94,22.85,2.17,3.04,68.73
2022091107,2092,46255,0,0,0,1,1,46101,29.9,44.04,6.26,1.01,50.88,35.58,50.51,7.2,2.42,50.94
2022091107,2285,41243,0,0,0,1,1,43362,73.52,50.22,7.64,3.37,29.3,74.72,50.53,7.54,4.28,50.59
2022091107,2385,47881,0,0,0,1,1,46101,89.31,49.3,5.22,2.99,324.84,89.81,48.61,2.73,4.29,44.01
2022100200,1679,37097,0,0,0,1,4,44853,25.36,27.88,3.78,2.73,253.38,23.99,28.5,5.56,2.18,286.42
2022100200,2044,52525,0,0,0,1,4,37101,76.39,9.64,4.15,4.25,165.71,75.78,7.89,6.13,4.37,193.5
2022100200,2087,54583,0,0,0,1,4,37101,69.65,15.26,1.6,3.79,188.08,68.14,12.81,3.7,2.53,181.68
2022092507,3407,54500,0,0,0,1,3,47807,83.06,29.0,6.64,2.01,11.84,83.11,29.5,4.19,2.6,306.75
2022091107,2551,41240,0,0,0,1,1,53536,75.26,23.51,0.42,2.37,98.56,74.84,20.52,4.14,3.92,205.96
2022091107,2680,46141,0,0,0,1,1,42469,47.32,24.9,4.51,0.07,22.65,51.01,38.88,7.46,3.34,22.99
2022091107,2987,52436,0,0,0,1,1,54501,91.44,26.03,5.59,0.95,236.74,91.9,25.36,3.13,1.86,152.58
2022100200,3118,44867,0,0,0,1,4,40129,50.51,24.79,2.02,1.79,129.68,49.79,23.92,5.64,1.96,95.57
2022100200,3210,42431,0,0,0,1,4,37101,89.26,23.85,0.97,0.23,74.61,94.33,15.0,2.09,4.45,133.58
2022100200,3349,37097,0,0,0,1,4,44853,81.79,35.21,0.8,2.12,266.18,79.61,37.44,2.91,2.53,306.11
2022091805,823,47800,0,0,0,1,2,44820,62.96,36.26,0.52,0.63,41.99,59.73,35.13,1.69,3.09,321.21
2022091805,954,54579,0,0,0,1,2,44820,96.41,39.02,6.75,2.18,304.19,93.21,39.53,4.38,3.47,32.73
2022091805,954,54546,0,0,0,1,2,44820,91.79,37.4,2.05,0.86,30.93,93.21,39.53,4.38,3.47,32.73
2022091805,975,47800,0,0,0,1,2,46070,89.51,25.37,4.68,1.1,116.51,91.2,21.15,6.88,1.14,154.35
2022091805,1123,42368,0,0,0,1,2,53449,43.98,14.87,3.04,3.31,241.61,47.58,11.43,4.5,3.64,207.37
2022091805,1296,54546,0,0,0,1,2,44901,52.88,30.31,0.54,1.13,114.44,55.96,29.24,1.34,3.4,166.56
2022091805,1563,52663,0,0,0,1,2,44820,82.53,26.06,1.23,2.33,16.28,83.56,26.92,2.2,1.41,63.49
2022091805,1584,54612,0,0,0,1,2,44820,82.84,38.46,4.51,2.69,329.16,82.31,37.75,0.77,3.15,243.96
2022091805,1676,44830,0,0,0,1,2,46070,91.58,10.81,5.46,0.44,153.13,95.18,4.81,6.06,1.82,173.84
2022091805,2855,52472,0,0,0,1,2,46071,89.19,25.06,1.97,2.45,280.59,87.44,24.59,2.01,0.37,308.22
2022091805,3046,46527,0,0,0,1,2,46071,67.02,15.05,0.68,0.3,346.31,70.14,4.66,7.09,0.38,155.85
2022091805,3127,52518,0,0,0,1,2,44820,55.83,28.41,3.47,2.04,246.37,44.46,17.71,9.47,0.96,237.42
2022091805,3127,41336,0,0,0,1,2,44820,70.27,27.69,4.16,0.81,243.48,44.46,17.71,9.47,0.96,237.42
2022100200,3939,40017,0,0,0,1,4,44853,87.09,53.7,2.56,4.98,339.57,83.84,51.91,4.89,2.72,263.58
2022100200,3939,53505,0,0,0,1,4,44853,83.61,52.71,4.35,6.73,37.36,83.84,51.91,4.89,2.72,263.58
2022091107,3323,54479,0,0,0,1,1,53463,71.1,10.07,8.5,2.15,204.57,67.67,6.98,5.73,2.63,159.76
2022091107,3374,44999,0,0,0,1,1,54475,78.25,37.28,5.46,0.37,170.78,78.56,36.74,4.51,2.98,140.0
2022100909,449,54500,0,0,0,1,5,54563,94.06,11.84,2.74,4.49,149.79,92.72,8.78,7.78,3.61,192.43
2022100909,628,43313,0,0,0,1,5,43334,62.0,16.5,0.93,3.65,323.35,66.59,12.46,4.12,1.93,138.91
2022100909,628,52637,0,0,0,1,5,43334,66.26,12.75,5.91,2.69,171.28,66.59,12.46,4.12,1.93,138.91
2022091801,247,46186,0,0,0,1,2,52523,90.87,47.9,2.67,6.02,104.97,87.76,47.24,1.53,4.67,235.62
2022091801,480,46186,0,0,0,1,2,46104,15.95,29.93,1.6,3.02,342.61,14.65,30.76,2.06,0.97,20.76
2022091801,577,41227,0,0,0,1,2,54475,28.59,16.23,2.25,0.78,178.75,31.25,13.23,6.72,2.42,165.95
2022091801,859,46073,0,0,0,1,2,54501,26.6,9.9,7.32,3.49,201.7,25.78,8.53,9.43,1.79,213.65
2022091801,885,44974,0,0,0,1,2,54501,19.19,47.14,3.69,3.8,355.4,17.6,47.0,3.56,2.09,338.42
2022091801,1412,44903,0,0,0,1,2,46279,57.12,38.93,0.97,1.47,354.01,48.26,38.38,5.58,3.35,286.58
2022091801,1433,44813,0,0,0,1,2,53536,44.61,27.54,3.74,1.47,337.88,42.89,28.64,4.2,2.09,343.12
2022091801,1433,46098,0,0,0,1,2,53536,43.93,25.24,1.36,2.57,311.41,42.89,28.64,4.2,2.09,343.12
2022091801,1589,46186,0,0,0,1,2,46104,40.1,4.25,0.65,1.64,92.42,48.45,0.81,7.51,2.96,100.64
2022091801,1589,41270,0,0,0,1,2,46104,43.42,2.79,7.55,1.35,79.16,48.45,0.81,7.51,2.96,100.64
2022091801,1626,47881,0,0,0,1,2,44898,18.24,1.34,2.2,3.69,95.46,21.16,1.56,1.97,2.11,142.44
2022100909,846,45643,0,0,0,1,5,44852,41.9,48.32,6.51,5.99,344.03,41.6,47.94,4.28,4.78,324.76
2022100909,1102,44829,0,0,0,1,5,43334,84.53,11.42,0.86,1.54,165.42,80.66,15.55,3.26,1.81,345.89
2022100909,1123,53503,0,0,0,1,5,43334,72.22,37.41,0.9,2.82,23.56,70.22,38.26,6.68,1.45,318.8
2022100909,1340,47971,0,0,0,1,5,47859,33.35,17.52,2.34,2.72,113.97,38.51,13.06,4.1,2.45,120.43
2022100909,1340,43388,0,0,0,1,5,47859,31.97,14.03,3.69,2.74,105.65,38.51,13.06,4.1,2.45,120.43
2022091801,1807,53455,0,0,0,1,2,54475,29.6,38.64,0.54,0.37,168.86,22.64,42.97,4.92,1.4,323.07
2022091801,2022,46186,0,0,0,1,2,46104,29.51,44.08,3.74,4.4,302.02,32.66,43.71,3.67,2.02,65.93
2022091801,2090,46255,0,0,0,1,2,52523,55.56,43.08,5.57,2.09,115.21,67.56,28.63,5.49,2.88,139.89
2022091801,2090,42467,0,0,0,1,2,52523,70.0,33.52,4.45,2.41,126.59,67.56,28.63,5.49,2.88,139.89
2022091801,2138,46204,0,0,0,1,2,53640,82.72,14.01,2.24,2.98,36.18,82.54,15.12,2.73,2.13,342.48
2022091801,2550,46186,0,0,0,1,2,46104,29.13,33.67,1.2,1.48,324.37,29.21,32.63,1.7,1.29,271.79
2022091801,2550,46211,0,0,0,1,2,46104,28.72,33.08,1.14,2.71,5.81,29.21,32.63,1.7,1.29,271.79
2022091801,3208,41270,0,0,0,1,2,46104,15.24,45.19,0.48,3.5,81.23,12.39,43.08,2.86,3.42,287.48
2022091801,3416,47786,0,0,0,1,2,44898,49.66,36.61,5.25,0.36,310.45,48.63,38.48,4.46,1.97,294.43
2022091801,3416,44929,0,0,0,1,2,44898,55.67,34.0,0.08,0.27,224.84,48.63,38.48,4.46,1.97,294.43
2022091801,3533,53455,0,0,0,1,2,53536,13.4,13.05,1.23,2.67,231.01,15.56,11.31,1.97,4.6,104.98
2022100909,1340,43353,0,0,0,1,5,47859,37.63,12.77,4.16,3.9,141.12,38.51,13.06,4.1,2.45,120.43
2022100909,1653,46082,0,0,0,1,5,43334,52.42,24.07,0.92,1.27,114.5,52.05,23.06,3.34,2.43,241.7
2022091801,3799,41270,0,0,0,1,2,46104,13.32,4.27,7.4,3.32,196.29,15.58,2.14,6.51,4.98,248.91
2022091801,3799,46211,0,0,0,1,2,46104,24.7,12.13,1.02,0.96,6.77,15.58,2.14,6.51,4.98,248.91
2022091801,3994,46073,0,0,0,1,2,53536,68.43,51.6,5.16,1.88,296.49,63.08,50.71,5.82,2.78,60.22
2022100909,2883,54500,0,0,0,1,5,47859,96.11,13.15,2.86,2.48,223.27,92.58,11.82,5.39,2.0,196.06
2022091805,3424,52415,0,0,0,1,2,46071,75.02,23.82,2.66,1.11,19.14,75.46,28.15,1.43,4.03,77.71
2022102310,389,53887,0,0,0,1,7,54558,46.18,9.69,5.22,1.7,172.67,46.3,9.07,7.27,3.87,200.52
2022102310,410,46137,0,0,0,1,7,47819,21.12,14.91,4.4,2.9,114.86,21.42,13.88,0.99,1.1,224.32
2022102310,597,53609,0,0,0,1,7,40011,63.95,4.94,6.68,4.72,184.39,62.27,3.91,7.73,3.36,88.87
2022102310,1227,41256,0,0,0,1,7,40011,70.77,12.14,3.49,4.69,204.25,71.37,13.99,1.49,4.03,330.63
2022102310,1705,54600,0,0,0,1,7,47819,80.8,44.22,6.41,1.36,356.85,80.31,44.56,7.87,1.39,16.76
2022102310,2037,53601,0,0,0,1,7,40011,84.75,2.65,1.88,4.32,61.31,84.97,3.06,4.1,3.26,313.88
2022102310,2037,47931,0,0,0,1,7,40011,85.35,-0.11,2.68,4.25,264.59,84.97,3.06,4.1,3.26,313.88
2022102310,2422,53609,0,0,0,1,7,52440,17.97,43.39,8.54,2.41,347.49,19.66,45.33,8.84,0.59,308.99
2022102310,2486,54568,0,0,0,1,7,44820,24.79,17.57,1.82,3.76,296.32,24.78,18.02,1.43,3.31,111.01
2022102310,2536,46137,0,0,0,1,7,40078,34.0,8.63,1.05,2.53,129.31,38.12,8.5,3.55,2.19,96.05
2022102310,2560,46137,0,0,0,1,7,46377,51.48,19.89,0.54,1.52,156.81,55.21,24.33,3.41,1.79,59.04
2022092503,4086,42390,0,0,0,1,3,44985,58.41,39.33,0.41,4.45,24.61,55.5,43.68,4.74,4.9,324.64
2022092503,4086,43327,0,0,0,1,3,44985,54.84,43.86,4.31,4.86,32.62,55.5,43.68,4.74,4.9,324.64
2022091104,86,46188,0,0,0,1,1,52443,66.38,8.86,5.5,0.54,271.19,49.87,3.44,9.86,1.05,260.33
2022091104,86,43351,0,0,0,1,1,52443,73.41,15.5,5.07,0.67,257.64,49.87,3.44,9.86,1.05,260.33
2022102310,2630,54600,0,0,0,1,7,46377,68.61,26.78,5.17,2.81,143.49,71.68,26.22,5.46,3.43,119.16
2022092500,66,43409,0,0,0,1,3,44820,39.55,20.73,1.73,1.09,107.88,45.48,20.31,5.14,0.96,97.01
2022092500,808,48027,0,0,0,1,3,46170,61.11,18.03,5.56,4.51,200.42,54.3,18.78,6.08,3.54,170.24
2022092500,1479,38607,0,0,0,1,3,52858,78.9,45.78,0.76,6.85,266.89,79.52,45.39,6.07,2.24,253.66
2022092500,1503,41257,0,0,0,1,3,53555,68.73,31.99,0.21,0.38,183.11,61.33,27.68,5.12,2.08,268.05
2022092500,1571,53489,0,0,0,1,3,44820,49.42,25.1,0.85,0.43,260.1,46.08,26.52,0.32,0.89,274.08
2022092500,2239,46527,0,0,0,1,3,44879,49.38,34.46,0.65,0.71,125.74,51.69,29.94,4.45,3.28,109.41
2022092500,2305,52417,0,0,0,1,3,54476,66.33,48.15,6.38,1.59,311.81,65.15,49.23,4.14,1.49,43.34
2022102310,3107,53487,0,0,0,1,7,52433,35.82,34.18,2.63,1.0,302.2,33.29,33.28,6.09,2.53,29.19
2022102310,3329,46137,0,0,0,1,7,52433,27.04,43.05,5.17,3.56,77.06,28.32,42.44,2.48,4.43,303.43
2022102310,3562,48117,0,0,0,1,7,44874,91.35,31.24,2.16,4.46,349.14,96.99,31.26,6.9,4.92,77.88
2022102310,4097,52546,0,0,0,1,7,40078,73.35,37.45,1.1,4.03,281.2,69.64,36.57,3.54,2.15,271.52
2022102310,4350,54495,0,0,0,1,7,54727,77.39,18.7,5.14,1.25,207.62,77.17,10.98,7.81,1.92,192.07
2022091104,288,47974,0,0,0,1,1,44947,12.07,29.14,0.38,2.48,295.3,12.1,29.66,1.5,1.53,32.96
2022091104,462,54467,0,0,0,1,1,52461,49.53,17.76,6.27,2.61,118.26,54.37,8.77,9.88,0.5,134.56
2022091104,689,54653,0,0,0,1,1,47834,24.84,27.68,1.69,1.25,107.76,26.75,27.75,4.67,1.86,94.12
2022091104,953,47929,0,0,0,1,1,47834,23.7,20.91,2.02,3.71,337.4,19.07,18.2,5.24,5.6,240.16
2022091104,1020,53542,0,0,0,1,1,52461,14.4,43.83,2.11,6.25,356.15,14.87,43.03,2.86,4.79,283.25
2022091104,1207,54653,0,0,0,1,1,47836,64.57,42.77,0.9,4.21,317.45,62.61,43.08,3.51,2.47,328.94
2022091104,1207,53542,0,0,0,1,1,47836,70.44,36.18,0.53,0.2,288.72,62.61,43.08,3.51,2.47,328.94
2022091804,80,47788,0,0,0,1,2,37101,82.37,8.35,0.91,1.54,222.67,78.26,8.26,4.34,0.79,249.98
2022091804,80,46132,0,0,0,1,2,37101,78.91,8.17,2.92,0.33,265.21,78.26,8.26,4.34,0.79,249.98
2022091804,960,46197,0,0,0,1,2,44816,19.97,31.37,3.46,2.4,144.76,20.82,30.03,3.39,2.71,243.22
2022091804,985,47890,0,0,0,1,2,37101,18.02,43.3,4.1,2.0,343.47,17.21,43.13,7.59,1.8,355.5
2022091804,1450,47788,0,0,0,1,2,37101,41.67,24.49,0.34,3.47,198.03,45.43,26.96,3.25,2.55,72.64
2022091104,1660,53542,0,0,0,1,1,47836,8.9,24.42,4.27,1.95,43.24,13.99,23.9,4.39,1.85,320.83
2022091104,1736,39984,0,0,0,1,1,52443,36.57,12.88,5.08,5.16,224.18,37.11,12.92,5.53,3.01,153.78
2022091104,1917,48516,0,0,0,1,1,52443,73.5,32.91,1.5,2.91,133.83,74.2,31.98,6.41,1.15,116.66
2022091104,1938,46194,0,0,0,1,1,53541,89.11,26.66,1.06,2.66,110.57,92.83,24.11,2.2,1.32,120.08
2022091804,2905,48544,0,0,0,1,2,44816,18.89,15.85,1.12,3.73,219.33,19.94,15.51,2.32,1.95,104.73
2022091804,3018,48027,0,0,0,1,2,44816,83.77,45.27,6.57,0.39,0.96,85.95,45.62,8.84,0.72,330.22
2022091104,2190,47918,0,0,0,1,1,52461,88.5,15.37,5.06,0.51,247.68,76.54,11.89,7.23,3.24,242.17
2022091104,2781,46188,0,0,0,1,1,52443,44.13,44.28,6.7,2.27,355.15,44.34,45.62,8.2,0.48,19.37
2022091104,2781,47888,0,0,0,1,1,52443,38.17,39.05,4.34,3.15,28.54,44.34,45.62,8.2,0.48,19.37
2022091104,2877,43351,0,0,0,1,1,46130,64.75,45.87,7.24,4.52,31.36,65.76,46.72,6.94,4.2,37.65
2022091104,2928,48516,0,0,0,1,1,47791,76.59,37.95,0.82,1.57,125.73,81.84,37.25,5.39,2.67,112.65
2022091104,2995,46194,0,0,0,1,1,43290,95.31,41.55,4.9,5.57,322.16,93.21,41.39,4.71,5.02,70.68
2022091104,3122,47900,0,0,0,1,1,52461,61.56,25.76,5.61,3.19,233.87,58.75,11.22,8.46,0.6,212.61
2022091104,3172,46958,0,0,0,1,1,52461,52.28,36.62,5.15,3.89,32.46,54.15,37.06,7.19,3.94,332.21
2022091104,3434,43378,0,0,0,1,1,52443,29.34,2.97,0.08,0.59,128.64,17.54,1.6,6.55,2.45,274.25
2022091104,3434,44825,0,0,0,1,1,52443,18.82,-1.08,6.19,5.01,236.07,17.54,1.6,6.55,2.45,274.25
2022091104,3709,47888,0,0,0,1,1,52443,81.81,12.96,3.58,3.73,215.28,79.76,10.08,6.67,4.42,228.09
2022091804,3273,41257,0,0,0,1,2,42033,65.67,41.66,6.67,1.13,47.74,66.23,41.14,5.79,3.87,344.64
2022091804,3273,44862,0,0,0,1,2,42033,67.96,38.8,2.93,5.23,11.51,66.23,41.14,5.79,3.87,344.64
2022092500,3020,52472,0,0,0,1,3,46160,55.22,3.68,3.19,0.71,131.81,47.22,8.34,3.18,0.81,255.35
2022092500,3182,40017,0,0,0,1,3,52450,84.28,44.15,6.51,1.79,92.02,98.06,49.67,8.99,1.25,83.08
2022092500,3547,46124,0,0,0,1,3,44879,95.11,15.59,5.97,3.79,191.42,92.74,12.23,8.19,2.29,200.93
2022092500,3674,53489,0,0,0,1,3,44820,65.17,31.85,8.72,1.38,131.8,63.82,26.04,8.29,2.79,116.24
2022092500,3711,38607,0,0,0,1,3,52450,30.77,4.71,0.37,0.65,315.3,39.35,4.0,1.91,3.03,23.62
2022100909,3757,52469,0,0,0,1,5,47859,46.79,11.78,3.29,5.21,230.69,46.25,6.83,6.01,4.14,216.14
2022100201,144,52527,0,0,0,1,4,46104,44.71,27.46,1.57,3.44,183.65,45.28,32.11,3.09,1.84,301.34
2022100201,354,53455,0,0,0,1,4,54473,64.3,28.55,1.27,6.03,197.9,67.42,28.86,1.48,1.73,130.89
2022100201,855,38592,0,0,0,1,4,46104,74.62,34.13,0.45,1.08,267.31,74.11,31.28,1.23,1.32,284.9
2022092500,3711,53489,0,0,0,1,3,52450,40.78,1.74,4.56,2.66,136.61,39.35,4.0,1.91,3.03,23.62
2022100210,488,44877,0,0,0,1,4,53536,80.03,30.1,0.93,0.74,320.98,81.84,30.76,1.27,2.28,76.71
2022100210,711,45395,0,0,0,1,4,53463,66.76,10.7,2.64,5.81,45.07,62.31,11.73,4.64,2.96,321.44
2022100210,711,44906,0,0,0,1,4,53463,62.98,10.91,2.66,3.07,249.79,62.31,11.73,4.64,2.96,321.44
2022100210,994,46186,0,0,0,1,4,54517,48.65,26.68,1.6,5.18,205.38,48.3,25.62,5.46,4.72,87.46
2022100210,1039,54469,0,0,0,1,4,54905,65.11,6.89,5.06,0.99,65.66,64.95,8.26,7.0,1.41,88.93
2022100210,1060,41243,0,0,0,1,4,53453,79.49,1.41,2.94,5.24,141.19,80.61,2.45,2.76,3.74,109.64
2022100201,918,52424,0,0,0,1,4,42347,58.5,4.52,5.59,1.48,219.29,57.45,3.99,4.21,1.87,169.15
2022100201,995,52527,0,0,0,1,4,44898,69.33,32.25,2.41,1.49,72.97,70.83,31.56,0.25,2.56,288.32
2022100201,1064,52424,0,0,0,1,4,46104,86.95,30.14,0.15,0.51,19.28,90.37,31.36,1.24,0.57,77.86
2022100201,1087,53611,0,0,0,1,4,46104,90.5,9.12,1.93,3.83,169.35,92.14,9.35,3.47,3.13,98.66
2022100201,1087,53469,0,0,0,1,4,46104,92.64,8.41,1.57,4.02,266.43,92.14,9.35,3.47,3.13,98.66
2022100210,1977,41243,0,0,0,1,4,53484,49.43,32.18,2.42,1.09,44.98,50.49,33.75,4.48,1.54,48.06
2022100210,2275,53583,0,0,0,1,4,53453,80.17,32.15,3.68,2.86,126.88,82.56,29.99,4.48,1.57,315.46
2022100210,2667,54549,0,0,0,1,4,53536,30.88,43.75,5.27,2.97,348.36,31.18,45.46,7.25,4.18,13.19
2022100201,1453,46091,0,0,0,1,4,46104,52.44,37.47,1.88,1.07,51.45,54.98,41.9,4.38,5.96,36.6
2022100210,2930,46253,0,0,0,1,4,53453,65.76,26.06,3.81,2.74,281.62,62.59,28.02,0.37,0.94,286.89
2022100210,3043,46211,0,0,0,1,4,54517,49.44,5.24,3.1,4.27,224.44,47.19,3.82,3.68,1.04,202.18
2022100210,3436,44906,0,0,0,1,4,54501,19.7,6.55,2.86,1.85,241.7,19.48,6.62,7.25,3.26,236.4
2022100201,2843,53469,0,0,0,1,4,44898,44.21,47.92,8.39,2.6,314.41,44.8,48.26,7.3,1.57,314.82
2022100201,2922,53561,0,0,0,1,4,54616,33.69,20.88,1.3,2.6,280.42,36.12,21.42,3.07,2.17,75.62
2022100201,2922,44903,0,0,0,1,4,54616,33.76,20.54,0.2,1.24,286.93,36.12,21.42,3.07,2.17,75.62
2022100201,3209,52527,0,0,0,1,4,44898,60.01,34.76,1.38,3.49,218.04,60.57,33.34,2.68,1.21,257.62
2022100201,3338,44903,0,0,0,1,4,48374,53.42,6.94,5.06,3.84,121.87,54.51,7.41,5.96,4.56,85.36
